設立別,學程別,群科別,畢業生人數,公立大學日間部人數,公立大學進修學士班人數,私立大學日間部人數,私立大學進修學士班人數,公立二專日間部人數,公立二專進修(夜間)部人數,私立二專日間部人數,私立二專進修(夜間)部人數,警察大學人數,警察專科學校人數,軍事院校人數,赴國外_大陸就讀人數,其他學校人數,升學率,公立大學日間部比率,公立大學進修學士班比率,私立大學日間部比率,私立大學進修學士班比率,公立二專日間部比率,公立二專進修(夜間)部比率,私立二專日間部比率,私立二專進修(夜間)部比率,警察大學比率,警察專科學校比率,軍事院校比率,赴國外_大陸就讀比率,其他學校比率,農_林_漁_牧業人數,礦業及土石採取業人數,製造業人數,電力及燃氣供應業人數,用水供應及污染整治業人數,營建工程業人數,批發及零售業人數,運輸及倉儲業人數,住宿及餐飲業人數,出版_影音製作_傳播及資通訊服務業人數,金融及保險業人數,不動產業人數,專業_科學及技術服務業人數,支援服務業人數,公共行政及國防；強制性社會安全人數,教育業人數,醫療保健及社會工作服務業人數,藝術_娛樂及休閒服務業人數,其他服務業人數,就業率,農_林_漁_牧業比率,礦業及土石採取業比率,製造業比率,電力及燃氣供應業比率,用水供應及污染整治業比率,營建工程業比率,批發及零售業比率,運輸及倉儲業比率,住宿及餐飲業比率,出版_影音製作_傳播及資通訊服務業比率,金融及保險業比率,不動產業比率,專業_科學及技術服務業比率,支援服務業比率,公共行政及國防；強制性社會安全比率,教育業比率,醫療保健及社會工作服務業比率,藝術_娛樂及休閒服務業比率,其他服務業比率,正在接受職業訓練人數,正在軍中服役人數,需要工作而未找到人數,補習或準備升學人數,健康不良在家休養人數,準備出國人數,其他人數,正在接受職業訓練比率,正在軍中服役比率,需要工作而未找到比率,補習或準備升學比率,健康不良在家休養比率,準備出國比率,其他比率
國立,普通科,普通科,25540,11148,79,11390,114,2,2,1,3,38,170,490,267,5,92.83,43.65,0.31,44.6,0.45,0.01,0.01,0.0,0.01,0.15,0.67,1.92,1.05,0.02,12,0,12,0,0,9,8,4,40,1,2,0,5,8,144,1,1,12,19,1.09,0.05,0.0,0.05,0.0,0.0,0.04,0.03,0.02,0.16,0.0,0.01,0.0,0.02,0.03,0.56,0.0,0.0,0.05,0.07,4,82,27,1211,3,8,19,0.02,0.32,0.11,4.74,0.01,0.03,0.07
國立,綜合高中,學術學程,3346,739,27,2126,35,0,0,0,0,0,20,52,53,0,91.21,22.09,0.81,63.54,1.05,0.0,0.0,0.0,0.0,0.0,0.6,1.55,1.58,0.0,1,0,0,1,1,0,13,0,17,1,0,0,3,13,21,0,1,6,5,2.48,0.03,0.0,0.0,0.03,0.03,0.0,0.39,0.0,0.51,0.03,0.0,0.0,0.09,0.39,0.63,0.0,0.03,0.18,0.15,5,27,8,133,0,3,4,0.15,0.81,0.24,3.97,0.0,0.09,0.12
國立,綜合高中,機械群,108,34,0,56,2,0,0,0,0,0,0,1,0,0,86.11,31.48,0.0,51.85,1.85,0.0,0.0,0.0,0.0,0.0,0.0,0.93,0.0,0.0,2,0,8,0,0,0,0,0,1,0,0,0,0,0,3,0,0,0,0,12.96,1.85,0.0,7.41,0.0,0.0,0.0,0.0,0.0,0.93,0.0,0.0,0.0,0.0,0.0,2.78,0.0,0.0,0.0,0.0,0,0,0,0,0,0,0,0.0,0.0,0.0,0.0,0.0,0.0,0.0
國立,綜合高中,動力機械群,12,0,5,3,0,0,0,0,0,0,0,1,0,0,75.0,0.0,41.67,25.0,0.0,0.0,0.0,0.0,0.0,0.0,0.0,8.33,0.0,0.0,0,0,0,0,0,0,2,0,0,0,0,0,0,0,0,0,0,0,0,16.67,0.0,0.0,0.0,0.0,0.0,0.0,16.67,0.0,0.0,0.0,0.0,0.0,0.0,0.0,0.0,0.0,0.0,0.0,0.0,0,1,0,0,0,0,0,0.0,8.33,0.0,0.0,0.0,0.0,0.0
國立,綜合高中,電機與電子群,139,55,0,66,0,0,0,0,0,0,0,0,0,0,87.05,39.57,0.0,47.48,0.0,0.0,0.0,0.0,0.0,0.0,0.0,0.0,0.0,0.0,1,0,5,0,0,1,0,0,3,0,0,0,0,0,3,0,0,0,0,9.35,0.72,0.0,3.6,0.0,0.0,0.72,0.0,0.0,2.16,0.0,0.0,0.0,0.0,0.0,2.16,0.0,0.0,0.0,0.0,1,1,1,1,0,0,1,0.72,0.72,0.72,0.72,0.0,0.0,0.72
國立,綜合高中,化工群,43,22,0,21,0,0,0,0,0,0,0,0,0,0,100.0,51.16,0.0,48.84,0.0,0.0,0.0,0.0,0.0,0.0,0.0,0.0,0.0,0.0,0,0,0,0,0,0,0,0,0,0,0,0,0,0,0,0,0,0,0,0.0,0.0,0.0,0.0,0.0,0.0,0.0,0.0,0.0,0.0,0.0,0.0,0.0,0.0,0.0,0.0,0.0,0.0,0.0,0.0,0,0,0,0,0,0,0,0.0,0.0,0.0,0.0,0.0,0.0,0.0
國立,綜合高中,土木與建築群,81,46,1,27,0,0,0,0,0,0,0,0,1,0,92.59,56.79,1.23,33.33,0.0,0.0,0.0,0.0,0.0,0.0,0.0,0.0,1.23,0.0,0,0,0,0,0,0,1,0,1,0,0,0,0,2,0,0,0,0,0,4.94,0.0,0.0,0.0,0.0,0.0,0.0,1.23,0.0,1.23,0.0,0.0,0.0,0.0,2.47,0.0,0.0,0.0,0.0,0.0,1,0,0,0,0,0,0,1.23,0.0,0.0,0.0,0.0,0.0,0.0
國立,綜合高中,商業與管理群,537,149,7,315,10,3,0,0,0,0,0,6,2,0,91.62,27.75,1.3,58.66,1.86,0.56,0.0,0.0,0.0,0.0,0.0,1.12,0.37,0.0,0,0,0,0,0,0,6,1,3,0,0,0,1,7,9,0,0,0,3,5.59,0.0,0.0,0.0,0.0,0.0,0.0,1.12,0.19,0.56,0.0,0.0,0.0,0.19,1.3,1.68,0.0,0.0,0.0,0.56,0,5,5,3,0,0,0,0.0,0.93,0.93,0.56,0.0,0.0,0.0
國立,綜合高中,外語群,122,19,0,95,0,0,0,0,0,0,0,0,0,0,93.44,15.57,0.0,77.87,0.0,0.0,0.0,0.0,0.0,0.0,0.0,0.0,0.0,0.0,0,0,0,0,0,0,4,0,0,0,0,0,0,0,0,0,0,1,0,4.1,0.0,0.0,0.0,0.0,0.0,0.0,3.28,0.0,0.0,0.0,0.0,0.0,0.0,0.0,0.0,0.0,0.0,0.82,0.0,0,1,0,2,0,0,0,0.0,0.82,0.0,1.64,0.0,0.0,0.0
國立,綜合高中,設計群,128,3,2,108,4,0,0,0,0,0,0,1,0,0,92.19,2.34,1.56,84.38,3.13,0.0,0.0,0.0,0.0,0.0,0.0,0.78,0.0,0.0,0,0,0,0,0,0,0,1,2,0,0,0,0,0,1,0,0,1,1,4.69,0.0,0.0,0.0,0.0,0.0,0.0,0.0,0.78,1.56,0.0,0.0,0.0,0.0,0.0,0.78,0.0,0.0,0.78,0.78,0,0,3,1,0,0,0,0.0,0.0,2.34,0.78,0.0,0.0,0.0
國立,綜合高中,農業群,55,39,0,13,0,0,0,0,0,0,0,0,1,0,96.36,70.91,0.0,23.64,0.0,0.0,0.0,0.0,0.0,0.0,0.0,0.0,1.82,0.0,0,0,0,0,0,0,0,0,0,0,0,0,0,0,1,0,0,0,0,1.82,0.0,0.0,0.0,0.0,0.0,0.0,0.0,0.0,0.0,0.0,0.0,0.0,0.0,0.0,1.82,0.0,0.0,0.0,0.0,0,0,1,0,0,0,0,0.0,0.0,1.82,0.0,0.0,0.0,0.0
國立,綜合高中,食品群,143,47,0,69,11,0,0,0,0,0,0,0,0,0,88.81,32.87,0.0,48.25,7.69,0.0,0.0,0.0,0.0,0.0,0.0,0.0,0.0,0.0,0,0,0,0,0,0,0,0,8,0,0,0,0,0,2,0,0,3,0,9.09,0.0,0.0,0.0,0.0,0.0,0.0,0.0,0.0,5.59,0.0,0.0,0.0,0.0,0.0,1.4,0.0,0.0,2.1,0.0,0,2,0,0,0,0,0,0.0,1.4,0.0,0.0,0.0,0.0,0.0
國立,綜合高中,家政群,36,0,0,23,1,2,0,1,0,0,0,0,0,0,75.0,0.0,0.0,63.89,2.78,5.56,0.0,2.78,0.0,0.0,0.0,0.0,0.0,0.0,0,0,0,1,0,0,0,0,1,0,0,0,0,0,3,0,3,0,0,22.22,0.0,0.0,0.0,2.78,0.0,0.0,0.0,0.0,2.78,0.0,0.0,0.0,0.0,0.0,8.33,0.0,8.33,0.0,0.0,0,0,0,0,0,0,0,0.0,0.0,0.0,0.0,0.0,0.0,0.0
國立,綜合高中,餐旅群,295,49,4,168,4,0,0,0,0,0,0,1,0,0,76.61,16.61,1.36,56.95,1.36,0.0,0.0,0.0,0.0,0.0,0.0,0.34,0.0,0.0,1,0,0,0,0,1,9,1,22,0,0,0,1,3,15,0,1,1,2,19.32,0.34,0.0,0.0,0.0,0.0,0.34,3.05,0.34,7.46,0.0,0.0,0.0,0.34,1.02,5.08,0.0,0.34,0.34,0.68,1,3,2,2,0,0,1,0.34,1.02,0.68,0.68,0.0,0.0,0.34
國立,綜合高中,水產群,12,4,0,5,0,0,0,0,0,0,0,0,0,0,75.0,33.33,0.0,41.67,0.0,0.0,0.0,0.0,0.0,0.0,0.0,0.0,0.0,0.0,0,0,0,0,0,0,0,0,1,0,0,0,0,0,2,0,0,0,0,25.0,0.0,0.0,0.0,0.0,0.0,0.0,0.0,0.0,8.33,0.0,0.0,0.0,0.0,0.0,16.67,0.0,0.0,0.0,0.0,0,0,0,0,0,0,0,0.0,0.0,0.0,0.0,0.0,0.0,0.0
國立,綜合高中,其他(綜合),100,1,0,51,6,0,0,0,0,0,0,0,0,0,58.0,1.0,0.0,51.0,6.0,0.0,0.0,0.0,0.0,0.0,0.0,0.0,0.0,0.0,0,0,3,1,0,1,3,2,6,0,1,0,1,1,1,0,1,1,0,22.0,0.0,0.0,3.0,1.0,0.0,1.0,3.0,2.0,6.0,0.0,1.0,0.0,1.0,1.0,1.0,0.0,1.0,1.0,0.0,0,1,2,2,0,0,11,0.0,1.0,2.0,2.0,0.0,0.0,11.0
國立,實用技能學程,機械群,395,29,20,124,46,1,0,0,0,0,0,4,0,1,56.96,7.34,5.06,31.39,11.65,0.25,0.0,0.0,0.0,0.0,0.0,1.01,0.0,0.25,3,0,43,2,0,4,9,3,11,0,0,0,3,3,13,0,1,2,5,25.82,0.76,0.0,10.89,0.51,0.0,1.01,2.28,0.76,2.78,0.0,0.0,0.0,0.76,0.76,3.29,0.0,0.25,0.51,1.27,8,18,6,2,1,0,6,2.03,4.56,1.52,0.51,0.25,0.0,1.52
國立,實用技能學程,動力機械群,107,4,5,10,23,0,0,0,0,0,0,0,0,0,39.25,3.74,4.67,9.35,21.5,0.0,0.0,0.0,0.0,0.0,0.0,0.0,0.0,0.0,5,0,9,0,0,4,1,1,4,0,0,0,5,0,11,0,0,0,3,40.19,4.67,0.0,8.41,0.0,0.0,3.74,0.93,0.93,3.74,0.0,0.0,0.0,4.67,0.0,10.28,0.0,0.0,0.0,2.8,0,14,5,1,0,0,0,0.0,13.08,4.67,0.93,0.0,0.0,0.0
國立,實用技能學程,電機與電子群,292,22,15,98,47,2,0,0,0,0,0,3,0,0,64.04,7.53,5.14,33.56,16.1,0.68,0.0,0.0,0.0,0.0,0.0,1.03,0.0,0.0,3,0,20,2,0,2,2,1,4,2,0,0,2,3,7,0,1,3,6,19.86,1.03,0.0,6.85,0.68,0.0,0.68,0.68,0.34,1.37,0.68,0.0,0.0,0.68,1.03,2.4,0.0,0.34,1.03,2.05,0,17,11,1,4,0,3,0.0,5.82,3.77,0.34,1.37,0.0,1.03
國立,實用技能學程,土木與建築群,121,8,0,63,13,0,0,0,0,0,0,1,0,0,70.25,6.61,0.0,52.07,10.74,0.0,0.0,0.0,0.0,0.0,0.0,0.83,0.0,0.0,0,0,2,1,0,6,0,0,4,0,0,0,0,0,0,0,0,0,5,14.88,0.0,0.0,1.65,0.83,0.0,4.96,0.0,0.0,3.31,0.0,0.0,0.0,0.0,0.0,0.0,0.0,0.0,0.0,4.13,0,15,1,0,0,0,2,0.0,12.4,0.83,0.0,0.0,0.0,1.65
國立,實用技能學程,商業與管理群,415,19,15,189,29,0,0,0,0,0,0,2,0,0,61.2,4.58,3.61,45.54,6.99,0.0,0.0,0.0,0.0,0.0,0.0,0.48,0.0,0.0,7,0,7,0,0,3,15,2,27,0,5,0,4,12,12,0,1,9,11,27.71,1.69,0.0,1.69,0.0,0.0,0.72,3.61,0.48,6.51,0.0,1.2,0.0,0.96,2.89,2.89,0.0,0.24,2.17,2.65,0,12,12,5,5,0,1,0.0,2.89,2.89,1.2,1.2,0.0,0.24
國立,實用技能學程,設計群,151,4,10,99,7,0,0,0,0,0,0,2,0,0,80.79,2.65,6.62,65.56,4.64,0.0,0.0,0.0,0.0,0.0,0.0,1.32,0.0,0.0,0,0,6,0,0,4,4,0,1,0,0,0,1,0,1,0,0,1,0,11.92,0.0,0.0,3.97,0.0,0.0,2.65,2.65,0.0,0.66,0.0,0.0,0.0,0.66,0.0,0.66,0.0,0.0,0.66,0.0,0,5,3,0,0,0,0,0.0,3.31,1.99,0.0,0.0,0.0,0.0
國立,實用技能學程,農業群,184,21,22,56,7,7,0,0,0,0,0,0,0,0,61.41,11.41,11.96,30.43,3.8,3.8,0.0,0.0,0.0,0.0,0.0,0.0,0.0,0.0,11,0,0,1,1,1,6,0,7,0,0,0,4,5,15,0,0,1,2,29.35,5.98,0.0,0.0,0.54,0.54,0.54,3.26,0.0,3.8,0.0,0.0,0.0,2.17,2.72,8.15,0.0,0.0,0.54,1.09,2,3,9,0,1,1,0,1.09,1.63,4.89,0.0,0.54,0.54,0.0
國立,實用技能學程,食品群,224,4,6,85,16,0,1,1,0,0,0,0,0,0,50.45,1.79,2.68,37.95,7.14,0.0,0.45,0.45,0.0,0.0,0.0,0.0,0.0,0.0,10,0,5,0,0,0,7,2,27,0,1,0,7,0,11,1,0,9,2,36.61,4.46,0.0,2.23,0.0,0.0,0.0,3.13,0.89,12.05,0.0,0.45,0.0,3.13,0.0,4.91,0.45,0.0,4.02,0.89,1,2,19,1,0,1,3,0.45,0.89,8.48,0.45,0.0,0.45,1.34
國立,實用技能學程,餐旅群,339,19,17,155,35,1,0,0,0,0,0,4,0,0,68.14,5.6,5.01,45.72,10.32,0.29,0.0,0.0,0.0,0.0,0.0,1.18,0.0,0.0,6,0,2,0,0,1,5,2,49,1,0,0,1,2,7,0,1,3,7,25.66,1.77,0.0,0.59,0.0,0.0,0.29,1.47,0.59,14.45,0.29,0.0,0.0,0.29,0.59,2.06,0.0,0.29,0.88,2.06,0,2,3,1,4,1,1,0.0,0.59,0.88,0.29,1.18,0.29,0.29
國立,實用技能學程,水產群,28,10,2,4,1,0,0,0,0,0,0,0,0,0,60.71,35.71,7.14,14.29,3.57,0.0,0.0,0.0,0.0,0.0,0.0,0.0,0.0,0.0,0,0,0,0,0,0,0,1,0,0,0,0,0,0,2,0,0,0,0,10.71,0.0,0.0,0.0,0.0,0.0,0.0,0.0,3.57,0.0,0.0,0.0,0.0,0.0,0.0,7.14,0.0,0.0,0.0,0.0,0,0,0,0,0,0,0,0.0,0.0,0.0,0.0,0.0,0.0,0.0
國立,實用技能學程,海事群,40,9,0,10,2,0,0,0,0,0,0,2,0,0,57.5,22.5,0.0,25.0,5.0,0.0,0.0,0.0,0.0,0.0,0.0,5.0,0.0,0.0,1,0,4,0,0,0,0,0,0,0,0,0,1,0,0,0,0,0,0,15.0,2.5,0.0,10.0,0.0,0.0,0.0,0.0,0.0,0.0,0.0,0.0,0.0,2.5,0.0,0.0,0.0,0.0,0.0,0.0,0,0,0,0,0,0,9,0.0,0.0,0.0,0.0,0.0,0.0,22.5
國立,實用技能學程,美容造型群,168,2,2,49,12,1,0,0,0,0,0,0,0,0,39.29,1.19,1.19,29.17,7.14,0.6,0.0,0.0,0.0,0.0,0.0,0.0,0.0,0.0,0,0,5,1,0,0,12,0,12,0,0,0,24,3,0,0,0,37,0,55.95,0.0,0.0,2.98,0.6,0.0,0.0,7.14,0.0,7.14,0.0,0.0,0.0,14.29,1.79,0.0,0.0,0.0,22.02,0.0,0,0,5,0,0,0,0,0.0,0.0,2.98,0.0,0.0,0.0,0.0
國立,進修部,普通科,109,13,3,42,2,0,0,0,0,0,0,1,1,0,56.88,11.93,2.75,38.53,1.83,0.0,0.0,0.0,0.0,0.0,0.0,0.92,0.92,0.0,1,0,0,0,0,2,1,1,4,0,0,0,1,2,1,0,1,0,6,18.35,0.92,0.0,0.0,0.0,0.0,1.83,0.92,0.92,3.67,0.0,0.0,0.0,0.92,1.83,0.92,0.0,0.92,0.0,5.5,0,13,1,4,0,0,8,0.0,11.93,0.92,3.67,0.0,0.0,7.34
國立,進修部,機械群,322,9,11,42,54,0,0,0,4,0,0,0,0,0,37.27,2.8,3.42,13.04,16.77,0.0,0.0,0.0,1.24,0.0,0.0,0.0,0.0,0.0,4,3,85,2,0,0,5,5,14,3,0,0,8,2,8,0,1,10,4,47.83,1.24,0.93,26.4,0.62,0.0,0.0,1.55,1.55,4.35,0.93,0.0,0.0,2.48,0.62,2.48,0.0,0.31,3.11,1.24,0,25,8,1,1,1,4,0.0,7.76,2.48,0.31,0.31,0.31,1.24
國立,進修部,動力機械群,135,0,6,11,18,0,0,0,0,0,0,1,0,0,26.67,0.0,4.44,8.15,13.33,0.0,0.0,0.0,0.0,0.0,0.0,0.74,0.0,0.0,2,0,2,5,0,6,1,5,11,0,0,0,27,1,6,0,0,3,8,57.04,1.48,0.0,1.48,3.7,0.0,4.44,0.74,3.7,8.15,0.0,0.0,0.0,20.0,0.74,4.44,0.0,0.0,2.22,5.93,1,12,8,0,0,0,0,0.74,8.89,5.93,0.0,0.0,0.0,0.0
國立,進修部,電機與電子群,342,17,18,23,65,0,0,0,0,0,0,1,0,0,36.26,4.97,5.26,6.73,19.01,0.0,0.0,0.0,0.0,0.0,0.0,0.29,0.0,0.0,3,0,57,3,0,6,9,4,16,1,2,0,14,8,10,2,1,6,22,47.95,0.88,0.0,16.67,0.88,0.0,1.75,2.63,1.17,4.68,0.29,0.58,0.0,4.09,2.34,2.92,0.58,0.29,1.75,6.43,2,35,11,3,1,0,1,0.58,10.23,3.22,0.88,0.29,0.0,0.29
國立,進修部,化工群,17,0,4,2,2,0,0,0,1,0,0,0,0,0,52.94,0.0,23.53,11.76,11.76,0.0,0.0,0.0,5.88,0.0,0.0,0.0,0.0,0.0,1,0,0,0,0,0,0,0,0,0,0,0,2,3,0,0,0,0,0,35.29,5.88,0.0,0.0,0.0,0.0,0.0,0.0,0.0,0.0,0.0,0.0,0.0,11.76,17.65,0.0,0.0,0.0,0.0,0.0,0,0,0,1,0,0,0,0.0,0.0,0.0,5.88,0.0,0.0,0.0
國立,進修部,土木與建築群,16,1,0,0,0,0,0,0,0,0,0,0,0,0,6.25,6.25,0.0,0.0,0.0,0.0,0.0,0.0,0.0,0.0,0.0,0.0,0.0,0.0,0,0,0,0,0,5,0,0,0,0,0,0,0,0,4,0,0,0,4,81.25,0.0,0.0,0.0,0.0,0.0,31.25,0.0,0.0,0.0,0.0,0.0,0.0,0.0,0.0,25.0,0.0,0.0,0.0,25.0,0,0,0,1,1,0,0,0.0,0.0,0.0,6.25,6.25,0.0,0.0
國立,進修部,商業與管理群,779,22,36,90,64,0,15,0,27,0,1,3,1,0,33.25,2.82,4.62,11.55,8.22,0.0,1.93,0.0,3.47,0.0,0.13,0.39,0.13,0.0,10,0,59,3,1,16,67,6,80,1,22,3,14,19,24,2,13,38,52,55.2,1.28,0.0,7.57,0.39,0.13,2.05,8.6,0.77,10.27,0.13,2.82,0.39,1.8,2.44,3.08,0.26,1.67,4.88,6.68,2,24,11,4,7,1,19,0.26,3.08,1.41,0.51,0.9,0.13,2.44
國立,進修部,外語群,12,1,0,0,4,0,0,0,0,0,0,0,0,0,41.67,8.33,0.0,0.0,33.33,0.0,0.0,0.0,0.0,0.0,0.0,0.0,0.0,0.0,0,0,0,0,0,0,0,0,1,0,0,0,0,4,0,0,0,0,0,41.67,0.0,0.0,0.0,0.0,0.0,0.0,0.0,0.0,8.33,0.0,0.0,0.0,0.0,33.33,0.0,0.0,0.0,0.0,0.0,0,0,0,0,1,1,0,0.0,0.0,0.0,0.0,8.33,8.33,0.0
國立,進修部,設計群,149,2,6,25,31,0,0,0,0,0,0,0,0,0,42.95,1.34,4.03,16.78,20.81,0.0,0.0,0.0,0.0,0.0,0.0,0.0,0.0,0.0,3,0,27,0,0,9,3,1,8,0,0,0,4,1,0,0,2,1,5,42.95,2.01,0.0,18.12,0.0,0.0,6.04,2.01,0.67,5.37,0.0,0.0,0.0,2.68,0.67,0.0,0.0,1.34,0.67,3.36,1,3,5,3,1,0,2,0.67,2.01,3.36,2.01,0.67,0.0,1.34
國立,進修部,農業群,47,3,4,10,3,0,0,0,0,0,0,0,0,0,42.55,6.38,8.51,21.28,6.38,0.0,0.0,0.0,0.0,0.0,0.0,0.0,0.0,0.0,1,0,2,0,0,1,5,1,3,0,0,0,1,0,2,0,0,1,0,36.17,2.13,0.0,4.26,0.0,0.0,2.13,10.64,2.13,6.38,0.0,0.0,0.0,2.13,0.0,4.26,0.0,0.0,2.13,0.0,1,1,1,2,0,0,3,2.13,2.13,2.13,4.26,0.0,0.0,6.38
國立,進修部,食品群,131,0,11,16,25,0,0,0,0,0,0,0,0,0,39.69,0.0,8.4,12.21,19.08,0.0,0.0,0.0,0.0,0.0,0.0,0.0,0.0,0.0,6,0,9,2,0,0,1,0,30,0,1,0,1,0,1,0,0,11,2,48.85,4.58,0.0,6.87,1.53,0.0,0.0,0.76,0.0,22.9,0.0,0.76,0.0,0.76,0.0,0.76,0.0,0.0,8.4,1.53,0,5,3,1,0,1,3,0.0,3.82,2.29,0.76,0.0,0.76,2.29
國立,進修部,家政群,150,4,3,18,8,0,1,0,4,0,0,0,0,1,26.0,2.67,2.0,12.0,5.33,0.0,0.67,0.0,2.67,0.0,0.0,0.0,0.0,0.67,6,1,18,0,0,1,16,2,22,0,0,0,3,8,1,0,3,12,5,65.33,4.0,0.67,12.0,0.0,0.0,0.67,10.67,1.33,14.67,0.0,0.0,0.0,2.0,5.33,0.67,0.0,2.0,8.0,3.33,0,5,4,2,1,0,1,0.0,3.33,2.67,1.33,0.67,0.0,0.67
國立,進修部,餐旅群,146,4,4,13,33,0,0,0,1,0,0,0,0,0,37.67,2.74,2.74,8.9,22.6,0.0,0.0,0.0,0.68,0.0,0.0,0.0,0.0,0.0,1,0,5,0,0,2,8,2,38,0,2,0,1,5,1,0,2,8,2,52.74,0.68,0.0,3.42,0.0,0.0,1.37,5.48,1.37,26.03,0.0,1.37,0.0,0.68,3.42,0.68,0.0,1.37,5.48,1.37,0,1,6,2,0,0,2,0.0,0.68,4.11,1.37,0.0,0.0,1.37
縣市立,普通科,普通科,46978,18136,218,24331,305,1,13,22,9,43,110,454,498,7,93.97,38.61,0.46,51.79,0.65,0.0,0.03,0.05,0.02,0.09,0.23,0.97,1.06,0.01,12,2,24,5,2,19,17,4,86,8,2,0,4,11,149,7,3,49,53,0.97,0.03,0.0,0.05,0.01,0.0,0.04,0.04,0.01,0.18,0.02,0.0,0.0,0.01,0.02,0.32,0.01,0.01,0.1,0.11,16,121,25,2009,9,35,27,0.03,0.26,0.05,4.28,0.02,0.07,0.06
縣市立,專業群科,機械群,2402,907,154,931,90,3,0,1,0,0,1,13,2,1,87.55,37.76,6.41,38.76,3.75,0.12,0.0,0.04,0.0,0.0,0.04,0.54,0.08,0.04,1,0,88,4,1,11,9,4,22,1,0,1,13,6,0,0,0,6,5,7.16,0.04,0.0,3.66,0.17,0.04,0.46,0.37,0.17,0.92,0.04,0.0,0.04,0.54,0.25,0.0,0.0,0.0,0.25,0.21,27,36,16,33,1,1,2,1.12,1.5,0.67,1.37,0.04,0.04,0.08
縣市立,專業群科,動力機械群,755,244,27,326,43,10,0,0,0,0,0,5,0,0,86.75,32.32,3.58,43.18,5.7,1.32,0.0,0.0,0.0,0.0,0.0,0.66,0.0,0.0,0,0,3,2,0,2,3,3,3,0,0,0,29,2,2,0,0,1,4,7.15,0.0,0.0,0.4,0.26,0.0,0.26,0.4,0.4,0.4,0.0,0.0,0.0,3.84,0.26,0.26,0.0,0.0,0.13,0.53,7,12,6,19,0,0,0,0.93,1.59,0.79,2.52,0.0,0.0,0.0
縣市立,專業群科,電機與電子群,3629,1781,126,1377,40,7,1,0,0,1,2,28,1,3,92.78,49.08,3.47,37.94,1.1,0.19,0.03,0.0,0.0,0.03,0.06,0.77,0.03,0.08,0,2,50,14,1,4,6,1,16,4,0,0,13,2,3,0,0,7,15,3.8,0.0,0.06,1.38,0.39,0.03,0.11,0.17,0.03,0.44,0.11,0.0,0.0,0.36,0.06,0.08,0.0,0.0,0.19,0.41,7,12,8,61,0,1,9,0.19,0.33,0.22,1.68,0.0,0.03,0.25
縣市立,專業群科,化工群,573,339,1,164,33,0,0,0,0,0,2,3,0,0,94.59,59.16,0.17,28.62,5.76,0.0,0.0,0.0,0.0,0.0,0.35,0.52,0.0,0.0,0,0,2,0,0,0,0,0,0,0,0,0,0,0,0,0,0,0,3,0.87,0.0,0.0,0.35,0.0,0.0,0.0,0.0,0.0,0.0,0.0,0.0,0.0,0.0,0.0,0.0,0.0,0.0,0.0,0.52,0,0,3,14,0,0,5,0.0,0.0,0.52,2.44,0.0,0.0,0.87
縣市立,專業群科,土木與建築群,641,352,2,215,5,8,0,0,0,0,0,5,1,0,91.73,54.91,0.31,33.54,0.78,1.25,0.0,0.0,0.0,0.0,0.0,0.78,0.16,0.0,0,0,7,0,0,11,2,0,2,0,0,0,7,0,0,0,0,3,0,4.99,0.0,0.0,1.09,0.0,0.0,1.72,0.31,0.0,0.31,0.0,0.0,0.0,1.09,0.0,0.0,0.0,0.0,0.47,0.0,0,4,0,15,0,0,1,0.0,0.62,0.0,2.34,0.0,0.0,0.16
縣市立,專業群科,商業與管理群,3540,1748,83,1526,33,4,0,0,0,0,3,19,14,6,97.06,49.38,2.34,43.11,0.93,0.11,0.0,0.0,0.0,0.0,0.08,0.54,0.4,0.17,1,0,1,0,0,2,9,0,17,1,3,0,2,2,12,0,0,2,7,1.67,0.03,0.0,0.03,0.0,0.0,0.06,0.25,0.0,0.48,0.03,0.08,0.0,0.06,0.06,0.34,0.0,0.0,0.06,0.2,0,9,5,20,2,3,3,0.0,0.25,0.14,0.56,0.06,0.08,0.08
縣市立,專業群科,外語群,650,242,17,359,6,0,0,0,0,0,0,5,4,2,97.69,37.23,2.62,55.23,0.92,0.0,0.0,0.0,0.0,0.0,0.0,0.77,0.62,0.31,0,0,0,0,0,0,2,0,3,0,0,0,0,0,0,0,1,0,1,1.08,0.0,0.0,0.0,0.0,0.0,0.0,0.31,0.0,0.46,0.0,0.0,0.0,0.0,0.0,0.0,0.0,0.15,0.0,0.15,0,1,1,5,0,1,0,0.0,0.15,0.15,0.77,0.0,0.15,0.0
縣市立,專業群科,設計群,1286,323,7,877,11,1,0,0,0,0,0,2,5,0,95.33,25.12,0.54,68.2,0.86,0.08,0.0,0.0,0.0,0.0,0.0,0.16,0.39,0.0,0,0,1,0,0,1,0,1,13,3,0,0,3,1,2,0,0,10,4,3.03,0.0,0.0,0.08,0.0,0.0,0.08,0.0,0.08,1.01,0.23,0.0,0.0,0.23,0.08,0.16,0.0,0.0,0.78,0.31,2,2,3,9,0,1,3,0.16,0.16,0.23,0.7,0.0,0.08,0.23
縣市立,專業群科,農業群,337,195,11,96,4,1,0,0,0,0,0,1,0,0,91.39,57.86,3.26,28.49,1.19,0.3,0.0,0.0,0.0,0.0,0.0,0.3,0.0,0.0,2,0,0,0,0,2,1,0,3,0,0,0,0,4,2,0,0,1,2,5.04,0.59,0.0,0.0,0.0,0.0,0.59,0.3,0.0,0.89,0.0,0.0,0.0,0.0,1.19,0.59,0.0,0.0,0.3,0.59,1,2,0,6,2,0,1,0.3,0.59,0.0,1.78,0.59,0.0,0.3
縣市立,專業群科,食品群,138,90,0,45,0,0,0,0,0,0,0,0,0,0,97.83,65.22,0.0,32.61,0.0,0.0,0.0,0.0,0.0,0.0,0.0,0.0,0.0,0.0,1,0,0,0,0,0,0,0,0,0,0,0,0,0,0,0,0,0,0,0.72,0.72,0.0,0.0,0.0,0.0,0.0,0.0,0.0,0.0,0.0,0.0,0.0,0.0,0.0,0.0,0.0,0.0,0.0,0.0,0,0,1,1,0,0,0,0.0,0.0,0.72,0.72,0.0,0.0,0.0
縣市立,專業群科,家政群,389,97,1,254,3,0,0,0,0,0,0,0,1,5,92.8,24.94,0.26,65.3,0.77,0.0,0.0,0.0,0.0,0.0,0.0,0.0,0.26,1.29,0,0,0,0,0,0,2,0,2,0,0,0,0,0,3,0,3,0,8,4.63,0.0,0.0,0.0,0.0,0.0,0.0,0.51,0.0,0.51,0.0,0.0,0.0,0.0,0.0,0.77,0.0,0.77,0.0,2.06,0,0,0,7,0,3,0,0.0,0.0,0.0,1.8,0.0,0.77,0.0
縣市立,專業群科,餐旅群,282,101,4,148,3,0,0,0,0,0,0,1,0,0,91.13,35.82,1.42,52.48,1.06,0.0,0.0,0.0,0.0,0.0,0.0,0.35,0.0,0.0,0,0,0,0,0,0,0,1,22,0,0,0,0,0,0,0,0,0,2,8.87,0.0,0.0,0.0,0.0,0.0,0.0,0.0,0.35,7.8,0.0,0.0,0.0,0.0,0.0,0.0,0.0,0.0,0.0,0.71,0,0,0,0,0,0,0,0.0,0.0,0.0,0.0,0.0,0.0,0.0
縣市立,專業群科,藝術群,55,5,0,39,0,0,0,0,0,0,0,1,1,0,83.64,9.09,0.0,70.91,0.0,0.0,0.0,0.0,0.0,0.0,0.0,1.82,1.82,0.0,0,0,0,0,0,0,0,0,0,0,0,0,0,0,0,0,0,0,1,1.82,0.0,0.0,0.0,0.0,0.0,0.0,0.0,0.0,0.0,0.0,0.0,0.0,0.0,0.0,0.0,0.0,0.0,0.0,1.82,0,0,0,0,0,0,0,0.0,0.0,0.0,0.0,0.0,0.0,0.0
縣市立,專業群科,服務群,0,0,0,0,0,0,0,0,0,0,0,0,0,0,0.0,0.0,0.0,0.0,0.0,0.0,0.0,0.0,0.0,0.0,0.0,0.0,0.0,0.0,0,0,0,0,0,0,0,0,0,0,0,0,0,0,0,0,0,0,0,0.0,0.0,0.0,0.0,0.0,0.0,0.0,0.0,0.0,0.0,0.0,0.0,0.0,0.0,0.0,0.0,0.0,0.0,0.0,0.0,0,0,0,0,0,0,0,0.0,0.0,0.0,0.0,0.0,0.0,0.0
縣市立,專業群科,其他(綜合),474,1,0,41,4,0,0,1,0,0,0,0,0,0,9.92,0.21,0.0,8.65,0.84,0.0,0.0,0.21,0.0,0.0,0.0,0.0,0.0,0.0,1,1,27,3,0,3,23,8,124,0,1,0,14,42,0,0,7,12,22,60.76,0.21,0.21,5.7,0.63,0.0,0.63,4.85,1.69,26.16,0.0,0.21,0.0,2.95,8.86,0.0,0.0,1.48,2.53,4.64,27,1,67,6,10,0,24,5.7,0.21,14.14,1.27,2.11,0.0,5.06
縣市立,綜合高中,學術學程,2630,663,12,1723,31,0,0,0,1,0,4,28,10,0,93.99,25.21,0.46,65.51,1.18,0.0,0.0,0.0,0.04,0.0,0.15,1.06,0.38,0.0,0,0,4,0,1,3,3,1,14,0,0,0,0,2,0,0,0,9,6,1.63,0.0,0.0,0.15,0.0,0.04,0.11,0.11,0.04,0.53,0.0,0.0,0.0,0.0,0.08,0.0,0.0,0.0,0.34,0.23,2,10,7,74,0,1,1,0.08,0.38,0.27,2.81,0.0,0.04,0.04
縣市立,綜合高中,機械群,26,3,0,20,0,0,0,0,0,0,0,0,0,0,88.46,11.54,0.0,76.92,0.0,0.0,0.0,0.0,0.0,0.0,0.0,0.0,0.0,0.0,1,0,0,0,0,0,0,0,0,0,0,0,0,0,0,0,0,0,0,3.85,3.85,0.0,0.0,0.0,0.0,0.0,0.0,0.0,0.0,0.0,0.0,0.0,0.0,0.0,0.0,0.0,0.0,0.0,0.0,2,0,0,0,0,0,0,7.69,0.0,0.0,0.0,0.0,0.0,0.0
縣市立,綜合高中,電機與電子群,149,79,9,56,0,0,0,0,0,0,0,0,0,0,96.64,53.02,6.04,37.58,0.0,0.0,0.0,0.0,0.0,0.0,0.0,0.0,0.0,0.0,0,0,0,0,0,0,0,0,0,0,0,0,0,0,0,0,0,0,0,0.0,0.0,0.0,0.0,0.0,0.0,0.0,0.0,0.0,0.0,0.0,0.0,0.0,0.0,0.0,0.0,0.0,0.0,0.0,0.0,2,0,1,2,0,0,0,1.34,0.0,0.67,1.34,0.0,0.0,0.0
縣市立,綜合高中,化工群,42,32,2,8,0,0,0,0,0,0,0,0,0,0,100.0,76.19,4.76,19.05,0.0,0.0,0.0,0.0,0.0,0.0,0.0,0.0,0.0,0.0,0,0,0,0,0,0,0,0,0,0,0,0,0,0,0,0,0,0,0,0.0,0.0,0.0,0.0,0.0,0.0,0.0,0.0,0.0,0.0,0.0,0.0,0.0,0.0,0.0,0.0,0.0,0.0,0.0,0.0,0,0,0,0,0,0,0,0.0,0.0,0.0,0.0,0.0,0.0,0.0
縣市立,綜合高中,土木與建築群,78,52,0,24,0,0,0,0,0,0,0,1,0,0,98.72,66.67,0.0,30.77,0.0,0.0,0.0,0.0,0.0,0.0,0.0,1.28,0.0,0.0,0,0,0,0,0,0,0,0,0,0,0,0,0,0,0,0,0,0,0,0.0,0.0,0.0,0.0,0.0,0.0,0.0,0.0,0.0,0.0,0.0,0.0,0.0,0.0,0.0,0.0,0.0,0.0,0.0,0.0,0,1,0,0,0,0,0,0.0,1.28,0.0,0.0,0.0,0.0,0.0
縣市立,綜合高中,商業與管理群,378,129,7,207,2,0,0,0,0,0,0,5,0,0,92.59,34.13,1.85,54.76,0.53,0.0,0.0,0.0,0.0,0.0,0.0,1.32,0.0,0.0,0,0,0,0,0,0,2,0,5,1,0,0,0,1,2,0,0,0,2,3.44,0.0,0.0,0.0,0.0,0.0,0.0,0.53,0.0,1.32,0.26,0.0,0.0,0.0,0.26,0.53,0.0,0.0,0.0,0.53,0,3,0,7,0,1,1,0.0,0.79,0.0,1.85,0.0,0.26,0.26
縣市立,綜合高中,外語群,61,9,2,47,1,0,0,0,0,0,0,0,1,0,98.36,14.75,3.28,77.05,1.64,0.0,0.0,0.0,0.0,0.0,0.0,0.0,1.64,0.0,0,0,0,0,0,0,0,0,0,0,0,0,0,0,0,0,0,0,0,0.0,0.0,0.0,0.0,0.0,0.0,0.0,0.0,0.0,0.0,0.0,0.0,0.0,0.0,0.0,0.0,0.0,0.0,0.0,0.0,0,0,0,0,1,0,0,0.0,0.0,0.0,0.0,1.64,0.0,0.0
縣市立,綜合高中,設計群,210,26,13,153,1,1,0,0,0,0,0,2,0,0,93.33,12.38,6.19,72.86,0.48,0.48,0.0,0.0,0.0,0.0,0.0,0.95,0.0,0.0,0,0,0,0,0,1,0,1,0,1,0,0,1,0,1,0,0,1,2,3.81,0.0,0.0,0.0,0.0,0.0,0.48,0.0,0.48,0.0,0.48,0.0,0.0,0.48,0.0,0.48,0.0,0.0,0.48,0.95,0,2,0,3,0,0,1,0.0,0.95,0.0,1.43,0.0,0.0,0.48
縣市立,綜合高中,家政群,25,12,0,11,0,0,0,0,0,0,0,0,0,0,92.0,48.0,0.0,44.0,0.0,0.0,0.0,0.0,0.0,0.0,0.0,0.0,0.0,0.0,0,0,0,0,0,0,0,0,0,0,0,0,0,0,1,0,0,0,0,4.0,0.0,0.0,0.0,0.0,0.0,0.0,0.0,0.0,0.0,0.0,0.0,0.0,0.0,0.0,4.0,0.0,0.0,0.0,0.0,0,0,0,1,0,0,0,0.0,0.0,0.0,4.0,0.0,0.0,0.0
縣市立,綜合高中,餐旅群,99,6,5,72,2,0,0,0,0,0,0,1,0,0,86.87,6.06,5.05,72.73,2.02,0.0,0.0,0.0,0.0,0.0,0.0,1.01,0.0,0.0,0,1,2,0,0,0,5,0,1,0,0,0,0,0,3,0,0,0,0,12.12,0.0,1.01,2.02,0.0,0.0,0.0,5.05,0.0,1.01,0.0,0.0,0.0,0.0,0.0,3.03,0.0,0.0,0.0,0.0,0,0,1,0,0,0,0,0.0,0.0,1.01,0.0,0.0,0.0,0.0
縣市立,綜合高中,藝術群,8,0,1,6,1,0,0,0,0,0,0,0,0,0,100.0,0.0,12.5,75.0,12.5,0.0,0.0,0.0,0.0,0.0,0.0,0.0,0.0,0.0,0,0,0,0,0,0,0,0,0,0,0,0,0,0,0,0,0,0,0,0.0,0.0,0.0,0.0,0.0,0.0,0.0,0.0,0.0,0.0,0.0,0.0,0.0,0.0,0.0,0.0,0.0,0.0,0.0,0.0,0,0,0,0,0,0,0,0.0,0.0,0.0,0.0,0.0,0.0,0.0
縣市立,綜合高中,其他(綜合),1,0,0,0,0,0,0,0,0,0,0,0,0,0,0.0,0.0,0.0,0.0,0.0,0.0,0.0,0.0,0.0,0.0,0.0,0.0,0.0,0.0,0,0,0,0,0,0,1,0,0,0,0,0,0,0,0,0,0,0,0,100.0,0.0,0.0,0.0,0.0,0.0,0.0,100.0,0.0,0.0,0.0,0.0,0.0,0.0,0.0,0.0,0.0,0.0,0.0,0.0,0,0,0,0,0,0,0,0.0,0.0,0.0,0.0,0.0,0.0,0.0
縣市立,實用技能學程,機械群,92,1,13,6,20,0,0,0,1,0,0,0,0,0,44.57,1.09,14.13,6.52,21.74,0.0,0.0,0.0,1.09,0.0,0.0,0.0,0.0,0.0,0,0,36,0,0,0,0,0,1,0,0,0,0,2,2,0,0,0,3,47.83,0.0,0.0,39.13,0.0,0.0,0.0,0.0,0.0,1.09,0.0,0.0,0.0,0.0,2.17,2.17,0.0,0.0,0.0,3.26,0,6,1,0,0,0,0,0.0,6.52,1.09,0.0,0.0,0.0,0.0
縣市立,實用技能學程,動力機械群,67,6,5,20,13,0,0,0,0,0,0,0,0,0,65.67,8.96,7.46,29.85,19.4,0.0,0.0,0.0,0.0,0.0,0.0,0.0,0.0,0.0,0,0,14,0,0,0,0,0,1,0,0,0,1,0,0,0,0,0,0,23.88,0.0,0.0,20.9,0.0,0.0,0.0,0.0,0.0,1.49,0.0,0.0,0.0,1.49,0.0,0.0,0.0,0.0,0.0,0.0,0,3,0,3,0,0,0,0.0,4.48,0.0,4.48,0.0,0.0,0.0
縣市立,實用技能學程,電機與電子群,71,4,5,3,12,0,0,1,1,0,0,0,0,3,40.85,5.63,7.04,4.23,16.9,0.0,0.0,1.41,1.41,0.0,0.0,0.0,0.0,4.23,1,0,8,0,0,3,0,1,4,1,0,0,8,7,0,0,0,1,0,47.89,1.41,0.0,11.27,0.0,0.0,4.23,0.0,1.41,5.63,1.41,0.0,0.0,11.27,9.86,0.0,0.0,0.0,1.41,0.0,0,7,1,0,0,0,0,0.0,9.86,1.41,0.0,0.0,0.0,0.0
縣市立,實用技能學程,土木與建築群,31,2,3,0,20,0,0,0,0,0,0,0,0,0,80.65,6.45,9.68,0.0,64.52,0.0,0.0,0.0,0.0,0.0,0.0,0.0,0.0,0.0,0,0,0,0,0,3,0,0,1,0,0,0,0,0,0,0,0,0,0,12.9,0.0,0.0,0.0,0.0,0.0,9.68,0.0,0.0,3.23,0.0,0.0,0.0,0.0,0.0,0.0,0.0,0.0,0.0,0.0,0,2,0,0,0,0,0,0.0,6.45,0.0,0.0,0.0,0.0,0.0
縣市立,實用技能學程,商業與管理群,45,1,11,5,16,0,0,0,0,0,0,0,0,1,75.56,2.22,24.44,11.11,35.56,0.0,0.0,0.0,0.0,0.0,0.0,0.0,0.0,2.22,0,0,3,0,0,2,0,0,3,1,0,0,0,0,0,0,0,0,0,20.0,0.0,0.0,6.67,0.0,0.0,4.44,0.0,0.0,6.67,2.22,0.0,0.0,0.0,0.0,0.0,0.0,0.0,0.0,0.0,0,1,1,0,0,0,0,0.0,2.22,2.22,0.0,0.0,0.0,0.0
縣市立,實用技能學程,設計群,42,0,4,4,11,0,0,0,0,0,0,0,0,1,47.62,0.0,9.52,9.52,26.19,0.0,0.0,0.0,0.0,0.0,0.0,0.0,0.0,2.38,0,0,0,0,0,0,0,0,6,0,0,0,3,1,3,0,0,0,1,33.33,0.0,0.0,0.0,0.0,0.0,0.0,0.0,0.0,14.29,0.0,0.0,0.0,7.14,2.38,7.14,0.0,0.0,0.0,2.38,2,0,3,0,0,0,3,4.76,0.0,7.14,0.0,0.0,0.0,7.14
縣市立,實用技能學程,食品群,17,0,0,1,9,0,0,0,0,0,0,0,0,0,58.82,0.0,0.0,5.88,52.94,0.0,0.0,0.0,0.0,0.0,0.0,0.0,0.0,0.0,0,0,0,0,0,0,0,0,4,0,0,0,0,0,0,0,0,0,0,23.53,0.0,0.0,0.0,0.0,0.0,0.0,0.0,0.0,23.53,0.0,0.0,0.0,0.0,0.0,0.0,0.0,0.0,0.0,0.0,0,0,0,0,0,0,0,0.0,0.0,0.0,0.0,0.0,0.0,0.0
縣市立,實用技能學程,餐旅群,63,0,1,16,24,0,2,0,0,0,0,0,0,0,68.25,0.0,1.59,25.4,38.1,0.0,3.17,0.0,0.0,0.0,0.0,0.0,0.0,0.0,0,0,1,0,0,1,1,0,12,0,0,0,0,1,0,0,0,1,1,28.57,0.0,0.0,1.59,0.0,0.0,1.59,1.59,0.0,19.05,0.0,0.0,0.0,0.0,1.59,0.0,0.0,0.0,1.59,1.59,0,1,0,0,0,0,0,0.0,1.59,0.0,0.0,0.0,0.0,0.0
縣市立,實用技能學程,美容造型群,25,0,0,13,0,0,0,0,0,0,0,0,0,0,52.0,0.0,0.0,52.0,0.0,0.0,0.0,0.0,0.0,0.0,0.0,0.0,0.0,0.0,0,0,0,0,0,0,0,0,1,0,0,0,0,0,0,0,0,0,11,48.0,0.0,0.0,0.0,0.0,0.0,0.0,0.0,0.0,4.0,0.0,0.0,0.0,0.0,0.0,0.0,0.0,0.0,0.0,44.0,0,0,0,0,0,0,0,0.0,0.0,0.0,0.0,0.0,0.0,0.0
縣市立,進修部,普通科,303,0,6,10,36,0,0,0,0,0,0,1,0,1,17.82,0.0,1.98,3.3,11.88,0.0,0.0,0.0,0.0,0.0,0.0,0.33,0.0,0.33,2,0,19,0,0,5,7,5,21,1,5,0,0,43,2,0,16,11,28,54.46,0.66,0.0,6.27,0.0,0.0,1.65,2.31,1.65,6.93,0.33,1.65,0.0,0.0,14.19,0.66,0.0,5.28,3.63,9.24,0,0,0,0,0,0,70,0.0,0.0,0.0,0.0,0.0,0.0,23.1
縣市立,進修部,機械群,299,7,15,68,60,0,0,0,1,0,0,0,0,5,52.17,2.34,5.02,22.74,20.07,0.0,0.0,0.0,0.33,0.0,0.0,0.0,0.0,1.67,1,2,38,0,0,7,12,6,11,0,0,0,5,8,1,0,1,2,13,35.79,0.33,0.67,12.71,0.0,0.0,2.34,4.01,2.01,3.68,0.0,0.0,0.0,1.67,2.68,0.33,0.0,0.33,0.67,4.35,1,20,2,5,0,1,3,0.33,6.69,0.67,1.67,0.0,0.33,1.0
縣市立,進修部,動力機械群,173,3,15,33,16,2,0,0,4,0,0,0,0,1,42.77,1.73,8.67,19.08,9.25,1.16,0.0,0.0,2.31,0.0,0.0,0.0,0.0,0.58,0,0,22,0,0,1,13,19,11,0,0,1,12,2,1,0,0,3,1,49.71,0.0,0.0,12.72,0.0,0.0,0.58,7.51,10.98,6.36,0.0,0.0,0.58,6.94,1.16,0.58,0.0,0.0,1.73,0.58,1,10,1,0,0,0,0,0.58,5.78,0.58,0.0,0.0,0.0,0.0
縣市立,進修部,電機與電子群,327,17,21,81,37,0,4,3,6,0,0,2,1,0,52.6,5.2,6.42,24.77,11.31,0.0,1.22,0.92,1.83,0.0,0.0,0.61,0.31,0.0,0,0,32,9,1,5,13,3,27,2,0,0,8,10,5,0,1,9,3,39.14,0.0,0.0,9.79,2.75,0.31,1.53,3.98,0.92,8.26,0.61,0.0,0.0,2.45,3.06,1.53,0.0,0.31,2.75,0.92,3,13,5,5,0,0,1,0.92,3.98,1.53,1.53,0.0,0.0,0.31
縣市立,進修部,化工群,44,2,3,0,13,0,0,0,0,0,0,0,0,0,40.91,4.55,6.82,0.0,29.55,0.0,0.0,0.0,0.0,0.0,0.0,0.0,0.0,0.0,0,0,3,0,0,2,3,0,8,0,0,0,0,0,0,0,1,2,4,52.27,0.0,0.0,6.82,0.0,0.0,4.55,6.82,0.0,18.18,0.0,0.0,0.0,0.0,0.0,0.0,0.0,2.27,4.55,9.09,0,1,0,0,0,0,2,0.0,2.27,0.0,0.0,0.0,0.0,4.55
縣市立,進修部,土木與建築群,73,3,5,23,7,0,0,0,0,0,0,0,0,0,52.05,4.11,6.85,31.51,9.59,0.0,0.0,0.0,0.0,0.0,0.0,0.0,0.0,0.0,0,0,1,0,0,12,0,0,1,0,1,0,0,3,0,0,0,6,2,35.62,0.0,0.0,1.37,0.0,0.0,16.44,0.0,0.0,1.37,0.0,1.37,0.0,0.0,4.11,0.0,0.0,0.0,8.22,2.74,2,7,0,0,0,0,0,2.74,9.59,0.0,0.0,0.0,0.0,0.0
縣市立,進修部,商業與管理群,415,13,59,116,57,0,3,0,0,0,0,1,1,3,60.96,3.13,14.22,27.95,13.73,0.0,0.72,0.0,0.0,0.0,0.0,0.24,0.24,0.72,0,0,28,0,0,1,18,6,20,1,4,1,5,4,10,2,4,2,10,27.95,0.0,0.0,6.75,0.0,0.0,0.24,4.34,1.45,4.82,0.24,0.96,0.24,1.2,0.96,2.41,0.48,0.96,0.48,2.41,0,8,5,1,2,0,5,0.0,1.93,1.2,0.24,0.48,0.0,1.2
縣市立,進修部,外語群,60,4,5,23,19,0,0,2,0,0,0,0,0,0,88.33,6.67,8.33,38.33,31.67,0.0,0.0,3.33,0.0,0.0,0.0,0.0,0.0,0.0,0,0,0,0,0,0,0,0,0,0,0,0,0,0,0,0,0,0,0,0.0,0.0,0.0,0.0,0.0,0.0,0.0,0.0,0.0,0.0,0.0,0.0,0.0,0.0,0.0,0.0,0.0,0.0,0.0,0.0,0,0,0,0,0,0,0,0.0,0.0,0.0,0.0,0.0,0.0,0.0
縣市立,進修部,設計群,76,1,0,27,14,0,0,0,0,0,0,0,0,3,59.21,1.32,0.0,35.53,18.42,0.0,0.0,0.0,0.0,0.0,0.0,0.0,0.0,3.95,0,0,0,0,0,0,0,0,9,4,0,1,0,1,0,0,0,10,1,34.21,0.0,0.0,0.0,0.0,0.0,0.0,0.0,0.0,11.84,5.26,0.0,1.32,0.0,1.32,0.0,0.0,0.0,13.16,1.32,1,0,2,2,0,0,0,1.32,0.0,2.63,2.63,0.0,0.0,0.0
縣市立,進修部,食品群,29,0,0,2,14,0,0,0,0,0,0,0,0,0,55.17,0.0,0.0,6.9,48.28,0.0,0.0,0.0,0.0,0.0,0.0,0.0,0.0,0.0,1,0,1,0,0,0,1,0,1,0,0,0,0,1,0,1,1,2,0,31.03,3.45,0.0,3.45,0.0,0.0,0.0,3.45,0.0,3.45,0.0,0.0,0.0,0.0,3.45,0.0,3.45,3.45,6.9,0.0,0,1,1,0,0,0,1,0.0,3.45,3.45,0.0,0.0,0.0,3.45
縣市立,進修部,家政群,9,0,0,7,0,0,0,0,0,0,0,0,0,0,77.78,0.0,0.0,77.78,0.0,0.0,0.0,0.0,0.0,0.0,0.0,0.0,0.0,0.0,0,0,1,0,0,0,0,0,0,0,0,0,0,0,0,0,0,0,1,22.22,0.0,0.0,11.11,0.0,0.0,0.0,0.0,0.0,0.0,0.0,0.0,0.0,0.0,0.0,0.0,0.0,0.0,0.0,11.11,0,0,0,0,0,0,0,0.0,0.0,0.0,0.0,0.0,0.0,0.0
縣市立,進修部,餐旅群,17,0,0,9,4,0,0,0,0,0,0,0,0,0,76.47,0.0,0.0,52.94,23.53,0.0,0.0,0.0,0.0,0.0,0.0,0.0,0.0,0.0,0,0,0,0,0,0,3,0,0,0,0,0,0,0,0,0,0,0,0,17.65,0.0,0.0,0.0,0.0,0.0,0.0,17.65,0.0,0.0,0.0,0.0,0.0,0.0,0.0,0.0,0.0,0.0,0.0,0.0,0,1,0,0,0,0,0,0.0,5.88,0.0,0.0,0.0,0.0,0.0
私立,普通科,普通科,26118,6620,178,15726,441,1,1,16,0,27,71,406,873,9,93.3,25.35,0.68,60.21,1.69,0.0,0.0,0.06,0.0,0.1,0.27,1.55,3.34,0.03,13,1,14,2,0,6,15,0,45,2,3,0,8,19,76,0,4,16,32,0.98,0.05,0.0,0.05,0.01,0.0,0.02,0.06,0.0,0.17,0.01,0.01,0.0,0.03,0.07,0.29,0.0,0.02,0.06,0.12,36,89,17,1202,29,65,14,0.14,0.34,0.07,4.6,0.11,0.25,0.05
私立,專業群科,機械群,1809,211,111,733,223,4,6,0,11,0,1,30,0,0,73.52,11.66,6.14,40.52,12.33,0.22,0.33,0.0,0.61,0.0,0.06,1.66,0.0,0.0,25,1,125,1,0,11,14,7,51,0,0,0,51,6,73,0,0,2,9,20.78,1.38,0.06,6.91,0.06,0.0,0.61,0.77,0.39,2.82,0.0,0.0,0.0,2.82,0.33,4.04,0.0,0.0,0.11,0.5,4,66,18,7,5,0,2,0.22,3.65,1.0,0.39,0.28,0.0,0.11
私立,專業群科,動力機械群,4821,201,51,1583,639,20,1,3,35,1,1,103,2,1,54.78,4.17,1.06,32.84,13.25,0.41,0.02,0.06,0.73,0.02,0.02,2.14,0.04,0.02,56,4,265,24,4,48,85,98,171,8,3,2,423,39,235,0,3,31,114,33.46,1.16,0.08,5.5,0.5,0.08,1.0,1.76,2.03,3.55,0.17,0.06,0.04,8.77,0.81,4.87,0.0,0.06,0.64,2.36,42,302,143,14,9,3,41,0.87,6.26,2.97,0.29,0.19,0.06,0.85
私立,專業群科,電機與電子群,7856,839,247,4160,726,15,7,26,36,0,2,68,10,6,78.18,10.68,3.14,52.95,9.24,0.19,0.09,0.33,0.46,0.0,0.03,0.87,0.13,0.08,49,4,181,74,1,45,53,30,171,40,0,4,168,44,157,4,6,45,105,15.03,0.62,0.05,2.3,0.94,0.01,0.57,0.67,0.38,2.18,0.51,0.0,0.05,2.14,0.56,2.0,0.05,0.08,0.57,1.34,20,238,106,27,13,25,50,0.25,3.03,1.35,0.34,0.17,0.32,0.64
私立,專業群科,土木與建築群,176,36,4,92,23,0,0,0,0,0,0,7,1,0,92.61,20.45,2.27,52.27,13.07,0.0,0.0,0.0,0.0,0.0,0.0,3.98,0.57,0.0,0,0,0,0,0,1,0,0,4,0,0,0,0,0,2,0,0,0,0,3.98,0.0,0.0,0.0,0.0,0.0,0.57,0.0,0.0,2.27,0.0,0.0,0.0,0.0,0.0,1.14,0.0,0.0,0.0,0.0,0,2,0,1,0,0,1,0.0,1.14,0.0,0.57,0.0,0.0,0.57
私立,專業群科,商業與管理群,7155,995,244,4385,518,21,27,8,16,0,1,48,18,6,87.87,13.91,3.41,61.29,7.24,0.29,0.38,0.11,0.22,0.0,0.01,0.67,0.25,0.08,7,0,27,3,0,9,72,16,130,13,13,1,32,74,95,3,2,15,85,8.34,0.1,0.0,0.38,0.04,0.0,0.13,1.01,0.22,1.82,0.18,0.18,0.01,0.45,1.03,1.33,0.04,0.03,0.21,1.19,8,91,62,33,16,12,20,0.11,1.27,0.87,0.46,0.22,0.17,0.28
私立,專業群科,外語群,5084,649,73,3677,222,2,4,4,5,2,4,18,46,5,92.66,12.77,1.44,72.32,4.37,0.04,0.08,0.08,0.1,0.04,0.08,0.35,0.9,0.1,2,0,7,0,1,1,10,3,80,5,1,1,5,11,14,2,1,11,22,3.48,0.04,0.0,0.14,0.0,0.02,0.02,0.2,0.06,1.57,0.1,0.02,0.02,0.1,0.22,0.28,0.04,0.02,0.22,0.43,10,47,34,35,12,15,20,0.2,0.92,0.67,0.69,0.24,0.3,0.39
私立,專業群科,設計群,5821,340,86,4061,463,4,9,4,6,1,1,18,38,3,86.48,5.84,1.48,69.76,7.95,0.07,0.15,0.07,0.1,0.02,0.02,0.31,0.65,0.05,4,1,35,6,1,15,52,6,128,8,7,5,58,18,41,5,4,47,44,8.33,0.07,0.02,0.6,0.1,0.02,0.26,0.89,0.1,2.2,0.14,0.12,0.09,1.0,0.31,0.7,0.09,0.07,0.81,0.76,25,54,66,66,14,10,15,0.43,0.93,1.13,1.13,0.24,0.17,0.26
私立,專業群科,食品群,170,1,5,65,37,0,0,0,0,0,0,12,0,0,70.59,0.59,2.94,38.24,21.76,0.0,0.0,0.0,0.0,0.0,0.0,7.06,0.0,0.0,0,0,12,0,0,0,2,0,16,0,0,0,3,0,0,0,0,1,0,20.0,0.0,0.0,7.06,0.0,0.0,0.0,1.18,0.0,9.41,0.0,0.0,0.0,1.76,0.0,0.0,0.0,0.0,0.59,0.0,1,3,6,0,1,0,3,0.59,1.76,3.53,0.0,0.59,0.0,1.76
私立,專業群科,家政群,5505,200,81,2777,505,26,25,37,45,0,0,16,4,7,67.63,3.63,1.47,50.45,9.17,0.47,0.45,0.67,0.82,0.0,0.0,0.29,0.07,0.13,8,1,41,4,0,8,87,17,222,10,2,0,363,116,54,28,55,102,440,28.3,0.15,0.02,0.74,0.07,0.0,0.15,1.58,0.31,4.03,0.18,0.04,0.0,6.59,2.11,0.98,0.51,1.0,1.85,7.99,19,17,130,5,10,3,27,0.35,0.31,2.36,0.09,0.18,0.05,0.49
私立,專業群科,餐旅群,16745,626,410,8245,1658,88,56,49,54,17,1,73,13,16,67.52,3.74,2.45,49.24,9.9,0.53,0.33,0.29,0.32,0.1,0.01,0.44,0.08,0.1,58,8,152,27,6,83,249,104,2502,22,8,1,54,131,280,7,11,128,281,24.56,0.35,0.05,0.91,0.16,0.04,0.5,1.49,0.62,14.94,0.13,0.05,0.01,0.32,0.78,1.67,0.04,0.07,0.76,1.68,77,399,415,77,31,72,99,0.46,2.38,2.48,0.46,0.19,0.43,0.59
私立,專業群科,海事群,51,5,1,36,0,0,0,0,0,0,0,0,0,0,82.35,9.8,1.96,70.59,0.0,0.0,0.0,0.0,0.0,0.0,0.0,0.0,0.0,0.0,0,0,0,0,0,0,0,1,2,0,0,0,0,0,0,0,0,0,0,5.88,0.0,0.0,0.0,0.0,0.0,0.0,0.0,1.96,3.92,0.0,0.0,0.0,0.0,0.0,0.0,0.0,0.0,0.0,0.0,2,2,0,0,0,0,2,3.92,3.92,0.0,0.0,0.0,0.0,3.92
私立,專業群科,藝術群,2790,151,50,1710,237,9,4,12,1,0,2,13,14,0,78.96,5.41,1.79,61.29,8.49,0.32,0.14,0.43,0.04,0.0,0.07,0.47,0.5,0.0,1,0,8,2,1,6,35,3,123,17,3,2,19,20,29,3,3,45,43,13.01,0.04,0.0,0.29,0.07,0.04,0.22,1.25,0.11,4.41,0.61,0.11,0.07,0.68,0.72,1.04,0.11,0.11,1.61,1.54,22,41,36,68,6,23,13,0.79,1.47,1.29,2.44,0.22,0.82,0.47
私立,專業群科,服務群,0,0,0,0,0,0,0,0,0,0,0,0,0,0,0.0,0.0,0.0,0.0,0.0,0.0,0.0,0.0,0.0,0.0,0.0,0.0,0.0,0.0,0,0,0,0,0,0,0,0,0,0,0,0,0,0,0,0,0,0,0,0.0,0.0,0.0,0.0,0.0,0.0,0.0,0.0,0.0,0.0,0.0,0.0,0.0,0.0,0.0,0.0,0.0,0.0,0.0,0.0,0,0,0,0,0,0,0,0.0,0.0,0.0,0.0,0.0,0.0,0.0
私立,專業群科,其他(綜合),392,3,2,55,2,0,0,2,1,0,0,0,0,1,16.84,0.77,0.51,14.03,0.51,0.0,0.0,0.51,0.26,0.0,0.0,0.0,0.0,0.26,9,0,18,2,0,2,8,1,60,0,0,0,5,41,0,1,11,4,48,53.57,2.3,0.0,4.59,0.51,0.0,0.51,2.04,0.26,15.31,0.0,0.0,0.0,1.28,10.46,0.0,0.26,2.81,1.02,12.24,33,2,61,2,8,0,9,8.42,0.51,15.56,0.51,2.04,0.0,2.3
私立,綜合高中,學術學程,1196,203,86,721,38,0,0,0,0,2,5,20,36,0,92.89,16.97,7.19,60.28,3.18,0.0,0.0,0.0,0.0,0.17,0.42,1.67,3.01,0.0,0,0,1,0,0,1,3,0,10,1,0,0,0,0,2,1,0,1,3,1.92,0.0,0.0,0.08,0.0,0.0,0.08,0.25,0.0,0.84,0.08,0.0,0.0,0.0,0.0,0.17,0.08,0.0,0.08,0.25,5,6,1,46,0,3,1,0.42,0.5,0.08,3.85,0.0,0.25,0.08
私立,綜合高中,動力機械群,27,11,0,0,0,0,0,0,0,0,0,0,0,0,40.74,40.74,0.0,0.0,0.0,0.0,0.0,0.0,0.0,0.0,0.0,0.0,0.0,0.0,0,0,0,0,0,10,0,0,2,0,4,0,0,0,0,0,0,0,0,59.26,0.0,0.0,0.0,0.0,0.0,37.04,0.0,0.0,7.41,0.0,14.81,0.0,0.0,0.0,0.0,0.0,0.0,0.0,0.0,0,0,0,0,0,0,0,0.0,0.0,0.0,0.0,0.0,0.0,0.0
私立,綜合高中,電機與電子群,481,65,12,270,7,0,0,3,0,0,0,13,1,5,78.17,13.51,2.49,56.13,1.46,0.0,0.0,0.62,0.0,0.0,0.0,2.7,0.21,1.04,2,1,4,8,0,1,2,1,5,2,0,1,0,1,49,1,0,5,4,18.09,0.42,0.21,0.83,1.66,0.0,0.21,0.42,0.21,1.04,0.42,0.0,0.21,0.0,0.21,10.19,0.21,0.0,1.04,0.83,0,13,1,4,0,0,0,0.0,2.7,0.21,0.83,0.0,0.0,0.0
私立,綜合高中,化工群,160,31,0,129,0,0,0,0,0,0,0,0,0,0,100.0,19.38,0.0,80.63,0.0,0.0,0.0,0.0,0.0,0.0,0.0,0.0,0.0,0.0,0,0,0,0,0,0,0,0,0,0,0,0,0,0,0,0,0,0,0,0.0,0.0,0.0,0.0,0.0,0.0,0.0,0.0,0.0,0.0,0.0,0.0,0.0,0.0,0.0,0.0,0.0,0.0,0.0,0.0,0,0,0,0,0,0,0,0.0,0.0,0.0,0.0,0.0,0.0,0.0
私立,綜合高中,商業與管理群,861,64,41,628,27,0,4,0,0,0,0,12,1,0,90.24,7.43,4.76,72.94,3.14,0.0,0.46,0.0,0.0,0.0,0.0,1.39,0.12,0.0,0,0,0,1,0,1,2,1,13,3,1,0,6,0,13,0,3,5,16,7.55,0.0,0.0,0.0,0.12,0.0,0.12,0.23,0.12,1.51,0.35,0.12,0.0,0.7,0.0,1.51,0.0,0.35,0.58,1.86,1,10,1,4,1,1,1,0.12,1.16,0.12,0.46,0.12,0.12,0.12
私立,綜合高中,外語群,706,53,8,546,27,0,0,0,0,0,0,8,21,1,94.05,7.51,1.13,77.34,3.82,0.0,0.0,0.0,0.0,0.0,0.0,1.13,2.97,0.14,0,0,4,0,0,0,1,0,11,0,1,0,0,0,4,0,0,1,4,3.68,0.0,0.0,0.57,0.0,0.0,0.0,0.14,0.0,1.56,0.0,0.14,0.0,0.0,0.0,0.57,0.0,0.0,0.14,0.57,2,4,0,6,1,2,1,0.28,0.57,0.0,0.85,0.14,0.28,0.14
私立,綜合高中,設計群,386,13,5,317,9,0,0,0,0,0,0,3,4,0,90.93,3.37,1.3,82.12,2.33,0.0,0.0,0.0,0.0,0.0,0.0,0.78,1.04,0.0,0,0,1,0,0,2,1,0,3,2,0,0,3,2,9,0,0,1,0,6.22,0.0,0.0,0.26,0.0,0.0,0.52,0.26,0.0,0.78,0.52,0.0,0.0,0.78,0.52,2.33,0.0,0.0,0.26,0.0,0,2,1,5,0,0,2,0.0,0.52,0.26,1.3,0.0,0.0,0.52
私立,綜合高中,家政群,276,18,3,202,8,0,0,0,0,0,0,3,0,1,85.14,6.52,1.09,73.19,2.9,0.0,0.0,0.0,0.0,0.0,0.0,1.09,0.0,0.36,0,0,2,0,0,0,1,0,7,0,0,0,1,1,9,4,1,3,5,12.32,0.0,0.0,0.72,0.0,0.0,0.0,0.36,0.0,2.54,0.0,0.0,0.0,0.36,0.36,3.26,1.45,0.36,1.09,1.81,0,1,3,0,1,0,1,0.0,0.36,1.09,0.0,0.36,0.0,0.36
私立,綜合高中,餐旅群,760,47,8,462,34,1,0,0,0,0,0,7,1,2,73.95,6.18,1.05,60.79,4.47,0.13,0.0,0.0,0.0,0.0,0.0,0.92,0.13,0.26,1,0,2,0,0,1,5,0,44,0,0,0,1,16,75,1,0,7,7,21.05,0.13,0.0,0.26,0.0,0.0,0.13,0.66,0.0,5.79,0.0,0.0,0.0,0.13,2.11,9.87,0.13,0.0,0.92,0.92,0,14,16,1,1,3,2,0.0,1.84,2.11,0.13,0.13,0.39,0.26
私立,綜合高中,其他(綜合),156,1,1,96,12,0,0,0,0,0,0,1,0,0,71.15,0.64,0.64,61.54,7.69,0.0,0.0,0.0,0.0,0.0,0.0,0.64,0.0,0.0,2,0,0,1,0,0,0,1,16,0,0,0,0,5,2,0,0,1,3,19.87,1.28,0.0,0.0,0.64,0.0,0.0,0.0,0.64,10.26,0.0,0.0,0.0,0.0,3.21,1.28,0.0,0.0,0.64,1.92,0,7,3,1,1,0,1,0.0,4.49,1.92,0.64,0.64,0.0,0.64
私立,實用技能學程,機械群,113,3,6,14,14,0,0,0,0,0,0,0,0,0,32.74,2.65,5.31,12.39,12.39,0.0,0.0,0.0,0.0,0.0,0.0,0.0,0.0,0.0,1,1,38,2,0,4,3,2,4,0,0,0,0,0,3,5,0,0,0,55.75,0.88,0.88,33.63,1.77,0.0,3.54,2.65,1.77,3.54,0.0,0.0,0.0,0.0,0.0,2.65,4.42,0.0,0.0,0.0,5,4,3,0,0,0,0,4.42,3.54,2.65,0.0,0.0,0.0,0.0
私立,實用技能學程,動力機械群,1184,7,14,224,143,0,0,1,5,0,0,22,0,2,35.3,0.59,1.18,18.92,12.08,0.0,0.0,0.08,0.42,0.0,0.0,1.86,0.0,0.17,19,2,72,22,0,23,40,49,64,3,0,1,140,11,44,1,1,8,47,46.2,1.6,0.17,6.08,1.86,0.0,1.94,3.38,4.14,5.41,0.25,0.0,0.08,11.82,0.93,3.72,0.08,0.08,0.68,3.97,12,108,74,4,3,1,5,1.01,9.12,6.25,0.34,0.25,0.08,0.42
私立,實用技能學程,電機與電子群,601,11,5,194,89,1,1,0,4,0,0,8,0,0,52.08,1.83,0.83,32.28,14.81,0.17,0.17,0.0,0.67,0.0,0.0,1.33,0.0,0.0,8,0,29,16,1,18,10,1,31,6,0,3,25,3,26,1,2,1,28,34.78,1.33,0.0,4.83,2.66,0.17,3.0,1.66,0.17,5.16,1.0,0.0,0.5,4.16,0.5,4.33,0.17,0.33,0.17,4.66,1,40,22,1,0,2,9,0.17,6.66,3.66,0.17,0.0,0.33,1.5
私立,實用技能學程,商業與管理群,611,8,11,295,65,1,0,2,12,0,0,2,1,0,64.98,1.31,1.8,48.28,10.64,0.16,0.0,0.33,1.96,0.0,0.0,0.33,0.16,0.0,0,0,13,0,0,2,14,11,42,3,2,0,6,12,10,1,0,4,22,23.24,0.0,0.0,2.13,0.0,0.0,0.33,2.29,1.8,6.87,0.49,0.33,0.0,0.98,1.96,1.64,0.16,0.0,0.65,3.6,3,14,45,3,0,0,2,0.49,2.29,7.36,0.49,0.0,0.0,0.33
私立,實用技能學程,農業群,31,1,0,13,0,0,0,0,0,0,0,0,0,0,45.16,3.23,0.0,41.94,0.0,0.0,0.0,0.0,0.0,0.0,0.0,0.0,0.0,0.0,0,0,0,1,0,0,2,0,5,0,0,0,3,0,0,0,0,0,0,35.48,0.0,0.0,0.0,3.23,0.0,0.0,6.45,0.0,16.13,0.0,0.0,0.0,9.68,0.0,0.0,0.0,0.0,0.0,0.0,1,3,0,0,0,0,0,3.23,9.68,0.0,0.0,0.0,0.0,0.0
私立,實用技能學程,食品群,223,6,0,61,54,0,0,0,0,0,0,0,0,0,54.26,2.69,0.0,27.35,24.22,0.0,0.0,0.0,0.0,0.0,0.0,0.0,0.0,0.0,2,0,8,0,0,3,4,0,31,1,0,0,3,8,3,0,0,1,4,30.49,0.9,0.0,3.59,0.0,0.0,1.35,1.79,0.0,13.9,0.45,0.0,0.0,1.35,3.59,1.35,0.0,0.0,0.45,1.79,0,11,17,0,3,1,0,0.0,4.93,7.62,0.0,1.35,0.45,0.0
私立,實用技能學程,餐旅群,3080,49,23,1007,273,3,7,9,38,1,0,16,0,6,46.49,1.59,0.75,32.69,8.86,0.1,0.23,0.29,1.23,0.03,0.0,0.52,0.0,0.19,21,3,57,8,0,27,77,31,846,6,2,2,15,11,60,2,8,10,90,41.43,0.68,0.1,1.85,0.26,0.0,0.88,2.5,1.01,27.47,0.19,0.06,0.06,0.49,0.36,1.95,0.06,0.26,0.32,2.92,16,98,192,13,9,1,18,0.52,3.18,6.23,0.42,0.29,0.03,0.58
私立,實用技能學程,藝術群,46,0,0,30,0,2,0,0,0,0,0,0,0,0,69.57,0.0,0.0,65.22,0.0,4.35,0.0,0.0,0.0,0.0,0.0,0.0,0.0,0.0,0,0,0,0,0,0,1,0,2,0,0,0,3,0,2,0,0,3,1,26.09,0.0,0.0,0.0,0.0,0.0,0.0,2.17,0.0,4.35,0.0,0.0,0.0,6.52,0.0,4.35,0.0,0.0,6.52,2.17,1,0,1,0,0,0,0,2.17,0.0,2.17,0.0,0.0,0.0,0.0
私立,實用技能學程,美容造型群,969,4,4,229,58,19,1,7,12,0,0,1,1,0,34.67,0.41,0.41,23.63,5.99,1.96,0.1,0.72,1.24,0.0,0.0,0.1,0.1,0.0,1,0,10,3,0,2,37,8,88,7,5,0,53,0,16,1,1,68,214,53.04,0.1,0.0,1.03,0.31,0.0,0.21,3.82,0.83,9.08,0.72,0.52,0.0,5.47,0.0,1.65,0.1,0.1,7.02,22.08,19,7,75,7,5,0,5,1.96,0.72,7.74,0.72,0.52,0.0,0.52
私立,進修部,普通科,274,30,11,45,13,0,0,0,2,0,1,5,4,0,40.51,10.95,4.01,16.42,4.74,0.0,0.0,0.0,0.73,0.0,0.36,1.82,1.46,0.0,1,0,10,0,0,10,8,3,11,0,2,0,9,1,6,0,2,1,6,25.55,0.36,0.0,3.65,0.0,0.0,3.65,2.92,1.09,4.01,0.0,0.73,0.0,3.28,0.36,2.19,0.0,0.73,0.36,2.19,0,8,12,1,0,0,51,0.0,2.92,4.38,0.36,0.0,0.0,18.61
私立,進修部,機械群,87,0,3,1,13,0,0,0,0,0,0,0,0,0,19.54,0.0,3.45,1.15,14.94,0.0,0.0,0.0,0.0,0.0,0.0,0.0,0.0,0.0,1,0,20,0,0,1,7,3,5,0,0,0,0,4,2,0,1,1,1,52.87,1.15,0.0,22.99,0.0,0.0,1.15,8.05,3.45,5.75,0.0,0.0,0.0,0.0,4.6,2.3,0.0,1.15,1.15,1.15,0,9,6,0,0,0,0,0.0,10.34,6.9,0.0,0.0,0.0,0.0
私立,進修部,動力機械群,648,11,3,13,49,0,2,7,9,0,0,0,0,0,14.51,1.7,0.46,2.01,7.56,0.0,0.31,1.08,1.39,0.0,0.0,0.0,0.0,0.0,23,3,118,10,0,46,35,37,40,7,2,1,52,32,6,0,2,39,37,75.62,3.55,0.46,18.21,1.54,0.0,7.1,5.4,5.71,6.17,1.08,0.31,0.15,8.02,4.94,0.93,0.0,0.31,6.02,5.71,0,19,39,1,3,0,1,0.0,2.93,6.02,0.15,0.46,0.0,0.15
私立,進修部,電機與電子群,330,0,0,10,70,0,4,0,1,0,0,1,0,0,26.06,0.0,0.0,3.03,21.21,0.0,1.21,0.0,0.3,0.0,0.0,0.3,0.0,0.0,1,0,37,3,0,6,17,14,25,2,2,0,5,37,0,1,1,23,19,58.48,0.3,0.0,11.21,0.91,0.0,1.82,5.15,4.24,7.58,0.61,0.61,0.0,1.52,11.21,0.0,0.3,0.3,6.97,5.76,16,22,4,1,3,0,2,4.85,6.67,1.21,0.3,0.91,0.0,0.61
私立,進修部,商業與管理群,1290,10,19,115,123,1,8,2,53,0,0,3,0,0,25.89,0.78,1.47,8.91,9.53,0.08,0.62,0.16,4.11,0.0,0.0,0.23,0.0,0.0,18,4,67,24,2,29,101,43,145,16,19,5,40,17,14,4,14,56,77,53.88,1.4,0.31,5.19,1.86,0.16,2.25,7.83,3.33,11.24,1.24,1.47,0.39,3.1,1.32,1.09,0.31,1.09,4.34,5.97,4,51,80,15,10,7,57,0.31,3.95,6.2,1.16,0.78,0.54,4.42
私立,進修部,外語群,163,0,4,9,31,0,3,0,2,0,0,0,0,0,30.06,0.0,2.45,5.52,19.02,0.0,1.84,0.0,1.23,0.0,0.0,0.0,0.0,0.0,0,0,2,0,0,0,17,3,11,1,0,1,1,6,0,0,1,18,8,42.33,0.0,0.0,1.23,0.0,0.0,0.0,10.43,1.84,6.75,0.61,0.0,0.61,0.61,3.68,0.0,0.0,0.61,11.04,4.91,0,4,15,5,2,5,0,0.0,2.45,9.2,3.07,1.23,3.07,0.0
私立,進修部,設計群,369,0,0,32,75,3,0,2,21,0,0,2,0,0,36.59,0.0,0.0,8.67,20.33,0.81,0.0,0.54,5.69,0.0,0.0,0.54,0.0,0.0,4,0,18,3,0,11,24,3,32,3,5,0,2,12,3,6,1,17,21,44.72,1.08,0.0,4.88,0.81,0.0,2.98,6.5,0.81,8.67,0.81,1.36,0.0,0.54,3.25,0.81,1.63,0.27,4.61,5.69,0,2,19,0,0,2,5,0.0,0.54,5.15,0.0,0.0,0.54,1.36
私立,進修部,家政群,1114,0,2,72,215,0,1,2,43,0,0,0,0,0,30.07,0.0,0.18,6.46,19.3,0.0,0.09,0.18,3.86,0.0,0.0,0.0,0.0,0.0,5,2,13,2,0,8,34,6,72,11,2,2,194,9,5,2,2,75,186,56.55,0.45,0.18,1.17,0.18,0.0,0.72,3.05,0.54,6.46,0.99,0.18,0.18,17.41,0.81,0.45,0.18,0.18,6.73,16.7,7,9,55,2,3,0,13,0.63,0.81,4.94,0.18,0.27,0.0,1.17
私立,進修部,餐旅群,3202,11,12,124,413,6,5,39,208,0,1,9,0,0,25.86,0.34,0.37,3.87,12.9,0.19,0.16,1.22,6.5,0.0,0.03,0.28,0.0,0.0,38,4,222,23,8,84,206,84,725,13,17,8,43,49,27,3,17,144,173,58.96,1.19,0.12,6.93,0.72,0.25,2.62,6.43,2.62,22.64,0.41,0.53,0.25,1.34,1.53,0.84,0.09,0.53,4.5,5.4,19,78,160,9,13,0,49,0.59,2.44,5.0,0.28,0.41,0.0,1.53
私立,進修部,藝術群,103,0,1,9,23,0,0,0,0,0,0,0,0,0,32.04,0.0,0.97,8.74,22.33,0.0,0.0,0.0,0.0,0.0,0.0,0.0,0.0,0.0,1,0,3,0,0,4,8,1,12,0,0,0,7,0,0,0,0,16,0,50.49,0.97,0.0,2.91,0.0,0.0,3.88,7.77,0.97,11.65,0.0,0.0,0.0,6.8,0.0,0.0,0.0,0.0,15.53,0.0,0,3,10,1,0,0,1,0.0,2.91,9.71,0.97,0.0,0.0,0.97
