升公立大學日間部比率,升公立大學進修學士班比率,升私立大學日間部比率,升私立大學進修學士班比率,升公立二專日間部比率,升公立二專夜間部比率,升私立二專日間部比率,升私立二專夜間部比率,升警察大學比率,升警察專科學校比率,升軍事院校比率,赴國外_大陸就讀比率,升其他學校比率,就農_林_漁_牧業比率,就礦業及土石採取業比率,就製造業比率,就電力及燃氣供應業比率,就用水供應及污染整治業比率,就營造業比率,就批發及零售業比率,就運輸及倉儲業比率,就住宿及餐飲業比率,就資訊及通訊傳播業比率,就金融及保險業比率,就不動產業比率,就專業_科學及技術服務業比率,就支援服務業比率,就公共行政及國防；強制性社會安全比率,就教育服務業比率,就醫療保健及社會工作服務業比率,就藝術_娛樂及休閒服務業比率,就其他服務業比率,正在接受職業訓練比率,正在軍中服役比率,需要工作而未找到比率,補習或準備升學比率,健康不良在家休養比率,準備出國比率,其他比率
28.660409918708215,2.480350425752018,43.70628511599843,3.9152525467835932,0.21103921544903695,0.1136384788290869,0.12128002084087128,0.10871175473733821,0.1020669295477241,0.8242592833415368,0.8435044254774248,0.5065749018489771,0.06495474146928965,0.4968903540628541,0.04204912232808839,1.363665881051341,0.13321264198557306,0.019475035011257056,0.4492097041354461,0.8880769018600742,0.27253643506766484,2.504552824401621,0.11414257036829228,0.049460050944149604,0.020204524853926806,0.8563616575912794,0.5091398193564075,1.5366752659157703,0.04202649624645165,0.08803747645376972,0.60991808766964,1.901882997595705,0.28932361458882694,2.314480498569633,1.3098610380740394,1.643156682417294,0.126586021478139,0.05171017642973359,0.6778672279309216
26.488514520444703,5.7342147968145,43.70628511599843,4.502729334375728,0.24306413700359975,0.1136384788290869,0.16610457167473036,0.13774041153223102,0.010140124603751039,0.03217208370663696,0.9151210590231449,0.11521460168308541,0.06495474146928965,0.4968903540628541,0.04204912232808839,2.8809996528060995,0.13321264198557306,0.02035765897119667,0.4492097041354461,0.8880769018600742,0.27253643506766484,2.504552824401621,0.11414257036829228,0.05891975352048739,0.027284209352156853,0.8563616575912794,0.5091398193564075,1.5366752659157703,0.04202649624645165,0.08803747645376972,0.60991808766964,1.901882997595705,0.33623741768814835,2.9228259940659598,1.326925931889798,0.9039389160210595,0.126586021478139,0.058808212922838395,0.6778672279309216
26.316930210432577,4.041451457910836,43.411184013703405,5.455292447357184,0.21103921544903695,0.1136384788290869,0.16610457167473036,0.3380855263754256,0.00675995573908528,0.03217208370663696,1.7930647909458044,0.11521460168308541,0.07727069489716443,1.016261929873281,0.0773967975421023,3.0831198765895467,0.1714938453611688,0.017788055450886537,1.309555119321767,1.2945412598989543,0.7064864034593253,2.504552824401621,0.11414257036829228,0.05891975352048739,0.020204524853926806,2.3319617683268197,0.5091398193564075,3.476484779133329,0.04202649624645165,0.08803747645376972,0.60991808766964,4.503837379815173,0.28932361458882694,5.805748506830588,2.090254297060207,0.9039389160210595,0.13578551630196523,0.055837833906247344,0.6778672279309216
26.488514520444703,2.798537830233341,43.70628511599843,4.018803346685622,0.21103921544903695,0.1136384788290869,0.16610457167473036,0.13774041153223102,0.009086383067808587,0.036497001164510774,1.1156092026159437,0.11521460168308541,0.13695272502791492,0.4968903540628541,0.13051551743816095,1.363665881051341,0.1487255515146348,0.02284852116255453,0.4492097041354461,0.8880769018600742,0.27253643506766484,2.504552824401621,0.12499910938484408,0.05891975352048739,0.020204524853926806,1.059545823516079,0.5091398193564075,1.5366752659157703,0.04202649624645165,0.08803747645376972,0.60991808766964,1.901882997595705,0.29460118530401563,2.9969751823546544,1.326925931889798,0.9039389160210595,0.126586021478139,0.058808212922838395,0.6778672279309216
32.49652159581195,2.798537830233341,43.70628511599843,4.018803346685622,0.20778176481702895,0.1136384788290869,0.16610457167473036,0.13774041153223102,0.010140124603751039,0.03217208370663696,0.7453452289637797,0.11521460168308541,0.06495474146928965,0.4968903540628541,0.04204912232808839,1.363665881051341,0.13321264198557306,0.02035765897119667,0.4492097041354461,0.8880769018600742,0.27253643506766484,2.504552824401621,0.11414257036829228,0.05891975352048739,0.020204524853926806,0.8563616575912794,0.5091398193564075,1.5366752659157703,0.04202649624645165,0.08803747645376972,0.60991808766964,1.901882997595705,0.28932361458882694,2.314480498569633,1.326925931889798,0.9039389160210595,0.126586021478139,0.058808212922838395,0.6778672279309216
27.193702809008805,2.798537830233341,43.70628511599843,4.030696109023063,1.0261934274186628,0.1136384788290869,0.16610457167473036,0.13774041153223102,0.010140124603751039,0.03217208370663696,0.7743350320224538,0.11521460168308541,0.06495474146928965,0.4968903540628541,0.043526833016913694,1.363665881051341,0.13321264198557306,0.027506690838377677,0.5169702111175943,0.8880769018600742,0.27253643506766484,2.504552824401621,0.11414257036829228,0.05891975352048739,0.020204524853926806,0.8563616575912794,0.5091398193564075,1.5366752659157703,0.04075597551290897,0.08803747645376972,0.60991808766964,2.0528395701967206,0.28932361458882694,2.314480498569633,1.326925931889798,1.1394960423624718,0.12464807135996969,0.058808212922838395,0.6778672279309216
26.488514520444703,3.1880124978088413,44.18679188320202,4.018803346685622,0.21103921544903695,0.11365624847817472,0.16610457167473036,0.13774041153223102,0.010140124603751039,0.03217208370663696,0.7453452289637797,0.11521460168308541,0.06495474146928965,0.4968903540628541,0.04204912232808839,1.363665881051341,0.13321264198557306,0.02035765897119667,0.4492097041354461,0.8880769018600742,0.27253643506766484,2.504552824401621,0.11414257036829228,0.0687855091437674,0.020204524853926806,0.8563616575912794,0.5091398193564075,1.5366752659157703,0.053921366178928634,0.10497071649465063,0.60991808766964,1.901882997595705,0.28932361458882694,2.314480498569633,1.326925931889798,0.9039389160210595,0.1258861027409845,0.08299134554960376,0.6778672279309216
26.488514520444703,2.798537830233341,45.84634405795955,4.018803346685622,0.21103921544903695,0.1136384788290869,0.16610457167473036,0.13774041153223102,0.010140124603751039,0.03217208370663696,0.7453452289637797,0.2865923667426124,0.06495474146928965,0.4605542399432364,0.04204912232808839,1.363665881051341,0.13321264198557306,0.02035765897119667,0.4492097041354461,0.8880769018600742,0.27253643506766484,2.504552824401621,0.11414257036829228,0.05891975352048739,0.020204524853926806,0.8563616575912794,0.5091398193564075,1.5366752659157703,0.04202649624645165,0.08803747645376972,0.60991808766964,1.901882997595705,0.28932361458882694,2.0346542909103142,1.326925931889798,0.8817505807866373,0.126586021478139,0.10698189799916265,0.6778672279309216
22.99947009268094,2.798537830233341,53.387276981995036,4.018803346685622,0.21103921544903695,0.1136384788290869,0.16610457167473036,0.13774041153223102,0.010140124603751039,0.03217208370663696,0.7453452289637797,0.11521460168308541,0.06495474146928965,0.4968903540628541,0.04204912232808839,1.363665881051341,0.13321264198557306,0.02035765897119667,0.4492097041354461,0.8880769018600742,0.27253643506766484,2.504552824401621,0.16024350532840775,0.05891975352048739,0.021210266472925378,0.8563616575912794,0.5091398193564075,1.395474198387984,0.05079732938472629,0.08803747645376972,0.60991808766964,1.901882997595705,0.28932361458882694,2.314480498569633,1.326925931889798,0.9039389160210595,0.126586021478139,0.05998290389596123,0.6778672279309216
35.34828603644044,2.8971980666809616,43.70628511599843,4.018803346685622,0.6605332549289734,0.1136384788290869,0.16610457167473036,0.13774041153223102,0.010140124603751039,0.03321521375506182,0.7453452289637797,0.11521460168308541,0.06495474146928965,1.4885340426022713,0.04204912232808839,1.363665881051341,0.13321264198557306,0.019290417947497904,0.4492097041354461,0.8880769018600742,0.27253643506766484,2.504552824401621,0.11414257036829228,0.06763386633113594,0.020204524853926806,0.8563616575912794,0.5091398193564075,1.7001962609421957,0.04202649624645165,0.10419321788287257,0.60991808766964,1.901882997595705,0.28932361458882694,2.314480498569633,1.326925931889798,1.2615804388902945,0.126586021478139,0.058808212922838395,0.6778672279309216
26.488514520444703,2.882632326103583,43.70628511599843,4.2032299051251485,0.23661101794758516,0.11025544817001062,0.1679819215103195,0.13774041153223102,0.010140124603751039,0.03217208370663696,0.7453452289637797,0.11521460168308541,0.07991002475209384,0.4968903540628541,0.05836081340893275,1.363665881051341,0.13321264198557306,0.02462700254382339,0.4492097041354461,0.8880769018600742,0.27253643506766484,2.9182250519098054,0.11414257036829228,0.05891975352048739,0.020204524853926806,0.8563616575912794,0.5091398193564075,1.5366752659157703,0.0325015114534027,0.08803747645376972,0.60991808766964,1.901882997595705,0.28932361458882694,2.314480498569633,1.5699697266638224,0.9039389160210595,0.126586021478139,0.07247084754954239,0.6778672279309216
26.240420171406424,2.585150082898384,48.64811626081873,4.018803346685622,0.3086770023837521,0.2505797350172817,0.40009800929061756,0.13774041153223102,0.010140124603751039,0.03217208370663696,0.682946234289678,0.11521460168308541,0.08668026528704903,0.4968903540628541,0.04204912232808839,1.363665881051341,0.13678684055767076,0.02035765897119667,0.4492097041354461,0.8880769018600742,0.27253643506766484,2.504552824401621,0.11414257036829228,0.06600976462040033,0.020204524853926806,1.5019022367923853,0.5091398193564075,1.5366752659157703,0.14483810998091107,0.12361590648061078,0.7664045057282993,2.6764581952819135,0.34380789611958634,2.113783292601687,1.326925931889798,0.9039389160210595,0.126586021478139,0.09642163652640258,0.6778672279309216
26.488514520444703,2.798537830233341,43.70628511599843,4.018803346685622,0.22570309843880978,0.11805189859967855,0.16610457167473036,0.13774041153223102,0.014276595434702794,0.03217208370663696,0.7453452289637797,0.11521460168308541,0.06495474146928965,0.4968903540628541,0.05062005917290879,1.363665881051341,0.13321264198557306,0.02035765897119667,0.4492097041354461,0.8880769018600742,0.27253643506766484,4.126475999999757,0.11414257036829228,0.05891975352048739,0.020847013615260902,0.8563616575912794,0.5091398193564075,1.5366752659157703,0.04647061915640544,0.08803747645376972,0.60991808766964,1.901882997595705,0.28932361458882694,2.314480498569633,1.326925931889798,0.9039389160210595,0.13577083532942674,0.058808212922838395,0.6778672279309216
27.062195166880812,2.798537830233341,34.42933459577418,3.7751181989299174,0.21103921544903695,0.1136384788290869,0.16610457167473036,0.13774041153223102,0.010140124603751039,0.03217208370663696,0.7453452289637797,0.11521460168308541,0.06495474146928965,0.6914931104264371,0.04204912232808839,1.363665881051341,0.13321264198557306,0.02035765897119667,0.5048309061702747,1.3551541527000075,0.27253643506766484,2.504552824401621,0.14800770947329728,0.05891975352048739,0.020204524853926806,0.8563616575912794,0.5091398193564075,2.139164035272447,0.04202649624645165,0.08803747645376972,0.60991808766964,1.9363222497357808,0.3057380259376084,4.461386701602506,1.326925931889798,0.9039389160210595,0.126586021478139,0.058808212922838395,0.6778672279309216
26.488514520444703,2.798537830233341,38.45993268528938,3.7869037543556545,0.21103921544903695,0.1136384788290869,3.1387291475570325,0.22582996138995468,0.010140124603751039,0.03217208370663696,0.7453452289637797,0.11521460168308541,0.053387400126233,0.6094206135120241,0.04204912232808839,1.363665881051341,0.6100395683333865,0.02035765897119667,3.517911954556185,1.32726580862657,2.658029032973074,2.504552824401621,0.12871838966406504,0.05891975352048739,0.020204524853926806,0.8563616575912794,0.4342110101513882,1.692325008421772,0.04202649624645165,0.08803747645376972,0.60991808766964,1.901882997595705,0.6524942333472219,10.006293912126306,1.326925931889798,0.9039389160210595,0.11940932455384795,0.058808212922838395,1.6125105756684068
26.488514520444703,2.511266791188738,43.70628511599843,3.771482891334719,0.18017431334870213,0.1136384788290869,0.22338988302897073,0.13774041153223102,0.010140124603751039,0.03217208370663696,0.7453452289637797,0.2136529922300285,0.06495474146928965,0.4968903540628541,0.04204912232808839,1.363665881051341,0.13321264198557306,0.02035765897119667,0.4492097041354461,0.8880769018600742,0.27253643506766484,3.0931014706766264,0.1623039099916623,0.05891975352048739,0.01816362946336567,0.8563616575912794,0.5091398193564075,0.741650474767346,0.04202649624645165,0.08803747645376972,1.4536680580889587,1.901882997595705,0.29587588660915476,2.842717584339548,1.326925931889798,0.9039389160210595,0.126586021478139,0.058808212922838395,1.8757493885799337
13.472103272317328,2.6781658450274652,25.21702606267685,4.018803346685622,0.21792901860345856,0.1136384788290869,0.16610457167473036,0.13774041153223102,-0.004743296797081892,0.03217208370663696,0.6642998165258382,0.11521460168308541,0.06495474146928965,0.6324746566498909,0.16469132604657288,4.739688152449548,0.17753435788536331,0.048227920281531916,0.4492097041354461,3.959512199176824,0.7262836711867587,8.372136408970078,0.11414257036829228,0.05891975352048739,0.020204524853926806,0.935508545360618,5.2086624830703485,1.5366752659157703,0.11463070534405131,0.4417469103928331,0.7429378170038248,8.222693083629615,2.3762225244690725,2.314480498569633,10.230749995963299,0.9039389160210595,2.009564579501184,0.058808212922838395,2.2214870847768546
25.0015744032805,2.560865696735981,47.48536484811969,4.018803346685622,0.21103921544903695,0.07432585416288254,0.07565214663313286,0.10871175473733821,0.008955213658654813,0.9666210487289572,0.7453452289637797,0.2863874231122641,0.06495474146928965,0.33375762735934694,0.027876435598267423,1.3555405182498617,0.12980497811107183,0.019475035011257056,0.4492097041354461,0.8880769018600742,0.27253643506766484,2.391991717370895,0.09206663787739859,0.049460050944149604,0.019384648581327726,0.7534837979778389,0.5091398193564075,1.5812047109372016,0.0388060519890875,0.08803747645376972,0.60991808766964,1.901882997595705,0.28584023366470646,2.240326369899705,0.997290524101032,1.1844585102865506,0.12321327721072092,0.053680113372709594,0.6778672279309216
25.0015744032805,2.442574955356791,47.48536484811969,4.015747592266616,0.24306413700359975,0.07432585416288254,0.07565214663313286,0.10871175473733821,0.008955213658654813,0.03217208370663696,0.9151210590231449,0.11521460168308541,0.06495474146928965,0.34086782284902983,0.026851476513140498,2.72699586857801,0.12980497811107183,0.019475035011257056,0.4492097041354461,0.8880769018600742,0.27253643506766484,2.391991717370895,0.09206663787739859,0.049460050944149604,0.024606151408579698,0.7534837979778389,0.5091398193564075,1.5812047109372016,0.0388060519890875,0.08803747645376972,0.60991808766964,1.901882997595705,0.33275403676402787,2.5347453332932366,0.997290524101032,0.9039389160210595,0.12321327721072092,0.058808212922838395,0.6778672279309216
24.595855025377507,6.932097195795575,37.390592075268756,3.6698372873577885,0.21103921544903695,0.07432585416288254,0.07565214663313286,0.10871175473733821,4.37816376478846,0.03217208370663696,0.445289952562061,0.11521460168308541,0.07727069489716443,0.8687797002860084,0.035484704005418165,3.074994513788067,0.16521838995893884,0.016905431490946924,1.309555119321767,1.2945412598989543,0.3708897495722922,2.4863318595879416,0.09206663787739859,0.049460050944149604,0.01931124048432967,2.1379613291867345,0.5091398193564075,3.9717528071776624,0.03832478013161001,0.08803747645376972,0.60991808766964,5.447028666612017,0.28584023366470646,8.393754467498846,1.9205919658152932,0.9039389160210595,0.12822638009831258,0.05486312415252503,0.6778672279309216
25.0015744032805,2.560865696735981,47.48536484811969,4.018803346685622,0.21103921544903695,0.07432585416288254,0.07565214663313286,0.10871175473733821,0.00717672029932645,0.036497001164510774,1.1156092026159437,0.11521460168308541,0.13695272502791492,0.33375762735934694,0.11156538559102229,1.3555405182498617,0.12494869465018531,0.021965897202614916,0.4492097041354461,0.8880769018600742,0.27253643506766484,2.391991717370895,0.10292317689395039,0.049460050944149604,0.019384648581327726,0.7534837979778389,0.5091398193564075,1.5812047109372016,0.0388060519890875,0.08803747645376972,0.60991808766964,1.901882997595705,0.29111780437989515,2.8585943883771865,0.997290524101032,0.9039389160210595,0.12321327721072092,0.058808212922838395,0.6778672279309216
31.009581478647753,2.560865696735981,47.48536484811969,4.018803346685622,0.20503102405701049,0.07432585416288254,0.07565214663313286,0.10871175473733821,0.008955213658654813,0.03217208370663696,0.7453452289637797,0.11521460168308541,0.06495474146928965,0.33375762735934694,0.027876435598267423,1.3555405182498617,0.12980497811107183,0.019475035011257056,0.4492097041354461,0.8880769018600742,0.27253643506766484,2.391991717370895,0.09206663787739859,0.049460050944149604,0.019384648581327726,0.7534837979778389,0.5091398193564075,1.5812047109372016,0.0388060519890875,0.08803747645376972,0.60991808766964,1.901882997595705,0.28584023366470646,2.240326369899705,0.9002924221956735,0.9039389160210595,0.12321327721072092,0.058808212922838395,0.6778672279309216
25.706762691844602,2.560865696735981,47.48536484811969,4.030696109023063,0.8017945692212146,0.07432585416288254,0.07565214663313286,0.10871175473733821,0.008955213658654813,0.03217208370663696,0.7743350320224538,0.11521460168308541,0.06495474146928965,0.33375762735934694,0.02161655392921143,1.3555405182498617,0.12980497811107183,0.026624066878438064,0.5169702111175943,0.8880769018600742,0.27253643506766484,2.391991717370895,0.09206663787739859,0.049460050944149604,0.019384648581327726,0.7534837979778389,0.5091398193564075,1.5812047109372016,0.0388060519890875,0.08803747645376972,0.60991808766964,2.0528395701967206,0.28584023366470646,2.240326369899705,0.997290524101032,1.099132756282908,0.12321327721072092,0.058808212922838395,0.6778672279309216
25.0015744032805,2.8509423986720948,48.392043900320026,4.018803346685622,0.21103921544903695,0.08990234208714945,0.07457867034536939,0.10871175473733821,0.008955213658654813,0.03217208370663696,0.7453452289637797,0.11521460168308541,0.06495474146928965,0.33375762735934694,0.027876435598267423,1.3555405182498617,0.12980497811107183,0.019475035011257056,0.4492097041354461,0.8880769018600742,0.27253643506766484,2.391991717370895,0.09206663787739859,0.0600299814508056,0.019384648581327726,0.7534837979778389,0.5091398193564075,1.5812047109372016,0.04959425926194106,0.10497071649465063,0.60991808766964,1.901882997595705,0.28584023366470646,2.240326369899705,0.997290524101032,0.9039389160210595,0.12251335847356642,0.07184723226769511,0.6778672279309216
25.0015744032805,2.560865696735981,57.442301894675296,4.018803346685622,0.21103921544903695,0.07432585416288254,0.07565214663313286,0.10871175473733821,0.008955213658654813,0.03217208370663696,0.7453452289637797,0.40406723423631324,0.06495474146928965,0.32231070741495893,0.027876435598267423,1.3555405182498617,0.12980497811107183,0.019475035011257056,0.4492097041354461,0.8880769018600742,0.27253643506766484,2.391991717370895,0.09206663787739859,0.049460050944149604,0.022203874418804937,0.7534837979778389,0.5091398193564075,1.5812047109372016,0.03944000131306797,0.08803747645376972,0.60991808766964,1.901882997595705,0.28584023366470646,1.9605001622403868,0.997290524101032,0.8817505807866373,0.12321327721072092,0.032960110020300824,0.6778672279309216
21.51252997551674,2.560865696735981,60.49921858010639,4.018803346685622,0.21103921544903695,0.07432585416288254,0.07565214663313286,0.10871175473733821,0.008955213658654813,0.03217208370663696,0.7453452289637797,0.11521460168308541,0.06495474146928965,0.33375762735934694,0.027876435598267423,1.3555405182498617,0.12980497811107183,0.019475035011257056,0.4492097041354461,0.8880769018600742,0.27253643506766484,2.391991717370895,0.14890377577937872,0.049460050944149604,0.021261801618104054,0.7534837979778389,0.5091398193564075,1.4917678873635183,0.04757688512736214,0.08803747645376972,0.60991808766964,1.901882997595705,0.28584023366470646,2.240326369899705,0.997290524101032,0.9039389160210595,0.12321327721072092,0.05998290389596123,0.6778672279309216
34.68605888962774,2.659525933183602,42.96602627378258,4.018803346685622,0.3429422494865906,0.07432585416288254,0.07565214663313286,0.10871175473733821,0.008955213658654813,0.03321521375506182,0.7453452289637797,0.11521460168308541,0.06495474146928965,1.4885340426022713,0.027876435598267423,1.3555405182498617,0.12980497811107183,0.019290417947497904,0.4492097041354461,0.8880769018600742,0.27253643506766484,2.391991717370895,0.09206663787739859,0.06692969144775991,0.019384648581327726,0.7534837979778389,0.5091398193564075,1.744725705963627,0.0388060519890875,0.10419321788287257,0.60991808766964,1.901882997595705,0.28584023366470646,2.240326369899705,1.0375345142648724,1.2615804388902945,0.12321327721072092,0.058808212922838395,0.6778672279309216
25.0015744032805,2.644960192606223,47.48536484811969,4.2032299051251485,0.23661101794758516,0.054486463911848554,0.08749329585956601,0.10871175473733821,0.008955213658654813,0.03217208370663696,0.7453452289637797,0.11521460168308541,0.07991002475209384,0.33375762735934694,0.038534095375060196,1.3555405182498617,0.12980497811107183,0.023744378583883778,0.4492097041354461,0.8880769018600742,0.27253643506766484,2.663550767754755,0.09206663787739859,0.049460050944149604,0.019384648581327726,0.7534837979778389,0.5091398193564075,1.5812047109372016,0.0325015114534027,0.08803747645376972,0.60991808766964,1.901882997595705,0.28584023366470646,2.240326369899705,0.997290524101032,0.9039389160210595,0.12321327721072092,0.07247084754954239,0.6778672279309216
24.75348005424222,2.492126849368694,52.427195992939986,4.018803346685622,0.3086770023837521,0.09771751128843392,0.21349732567372745,0.10871175473733821,0.008955213658654813,0.03217208370663696,0.682946234289678,0.11521460168308541,0.08668026528704903,0.33375762735934694,0.027876435598267423,1.3555405182498617,0.14025712036811597,0.019475035011257056,0.4492097041354461,0.8880769018600742,0.27253643506766484,2.391991717370895,0.09206663787739859,0.0565500620440625,0.019384648581327726,1.3609221275580374,0.5091398193564075,1.5812047109372016,0.15256360869123056,0.08537805938250646,0.7664045057282993,2.6764581952819135,0.34032451519546586,2.0396291639317594,1.0821906027352277,0.9039389160210595,0.12321327721072092,0.09642163652640258,0.6778672279309216
25.0015744032805,2.560865696735981,47.48536484811969,4.018803346685622,0.22570309843880978,0.08299704742701665,0.07565214663313286,0.10871175473733821,0.013091684489606566,0.03217208370663696,0.7453452289637797,0.11521460168308541,0.06495474146928965,0.33375762735934694,0.04903692286100323,1.3555405182498617,0.12980497811107183,0.019475035011257056,0.4492097041354461,0.8880769018600742,0.27253643506766484,5.167790499045706,0.09206663787739859,0.049460050944149604,0.020027137342661826,0.7534837979778389,0.5091398193564075,1.5812047109372016,0.043250174899041295,0.08803747645376972,0.60991808766964,1.901882997595705,0.28584023366470646,2.240326369899705,0.997290524101032,0.9039389160210595,0.13239809106200867,0.058808212922838395,0.6778672279309216
25.57525504971661,2.560865696735981,44.65109484377267,3.630191516491005,0.21103921544903695,0.07432585416288254,0.07565214663313286,0.10871175473733821,0.008955213658654813,0.03217208370663696,0.7453452289637797,0.11521460168308541,0.06495474146928965,0.730837303894445,0.027876435598267423,1.3555405182498617,0.12980497811107183,0.019475035011257056,0.5048309061702747,1.3551541527000075,0.27253643506766484,2.4864341915978603,0.13712059257172293,0.049460050944149604,0.019384648581327726,0.7534837979778389,0.5091398193564075,17.29441221720358,0.0388060519890875,0.08803747645376972,0.60991808766964,1.9363222497357808,0.3022546450134879,4.38723257293258,0.997290524101032,0.9039389160210595,0.12321327721072092,0.058808212922838395,0.6778672279309216
25.0015744032805,2.560865696735981,46.56428981342577,3.6417053343414176,0.21103921544903695,0.07432585416288254,0.07565871255638996,0.10871175473733821,0.008955213658654813,0.03217208370663696,0.7453452289637797,0.11521460168308541,0.053387400126233,0.2944035287037395,0.027876435598267423,1.3555405182498617,0.23678592159286058,0.019475035011257056,1.1994602429268673,1.510023182367142,0.29540747259431077,2.391991717370895,0.1066424571731714,0.049460050944149604,0.019384648581327726,0.7534837979778389,0.4342110101513882,1.5812047109372016,0.0388060519890875,0.08803747645376972,0.60991808766964,1.901882997595705,0.20784498420465491,2.458320273069582,0.997290524101032,0.9039389160210595,0.11603658028642987,0.058808212922838395,1.6125105756684068
25.0015744032805,2.229464221847413,44.293367985020126,3.771482891334719,0.18017431334870213,0.07432585416288254,0.13293745798737316,0.10871175473733821,0.008955213658654813,0.03217208370663696,0.7453452289637797,0.2136529922300285,0.06495474146928965,0.33375762735934694,0.027876435598267423,1.3555405182498617,0.12980497811107183,0.019475035011257056,0.4492097041354461,0.8880769018600742,0.27253643506766484,4.485077237188229,0.0856629257131628,0.049460050944149604,0.017699627647469154,0.7534837979778389,0.5091398193564075,17.178435842558837,0.0388060519890875,0.08803747645376972,1.4536680580889587,1.901882997595705,0.3117039659190149,3.1112037283756395,0.997290524101032,0.9039389160210595,0.12202738199320219,0.058808212922838395,1.6311567703631966
15.080199252928598,2.4404937115301055,47.48536484811969,4.018803346685622,0.21792901860345856,0.07432585416288254,0.07565214663313286,0.10871175473733821,-0.0036822379227368644,0.03217208370663696,0.6812338625055658,0.11521460168308541,0.06495474146928965,0.3731038437932648,0.04006991851139248,1.9330717581812058,0.15885050578966134,0.025669182704129625,0.4492097041354461,1.4545687730244858,0.4582915000659071,4.040772471881682,0.09206663787739859,0.049460050944149604,0.019384648581327726,0.8326306857471776,0.37107543339511934,1.5812047109372016,0.10657498917220627,0.08260727866534742,0.7429378170038248,2.026444323808919,0.14418317296152514,2.240326369899705,0.6292896984538675,0.9039389160210595,0.08479142947014051,0.058808212922838395,1.0824953009974465
8.20151567745014,7.850725433268018,34.78400293942325,10.065996942515968,0.3130827372380002,0.2500431355518987,0.16180292114844547,0.40205079728034554,0.010140124603751039,0.03217208370663696,0.9458212843319389,0.11521460168308541,0.06372496431298044,0.7675946144132245,0.06346708635303072,7.764173705402423,0.34067970353989524,0.028253607463680015,1.0138105784323284,2.063321465100695,0.5048487109679068,4.564676640433997,0.2642881598569771,0.12060944966066467,0.031513508281296884,1.4101898089551916,1.0900174057309033,1.5366752659157703,0.05839680706659521,0.16261766704917002,0.9948715254123335,2.985337146197947,0.4265364197430565,3.8757227080545436,2.187289550068904,0.6587497167039811,0.19251064660569597,0.058808212922838395,0.6778672279309216
8.029931367438014,4.074790111452121,23.773770049655685,10.095453930122,0.3130827372380002,0.24501141746090618,0.23388958439596402,0.15616190774359456,0.00675995573908528,0.03217208370663696,1.000343833134778,0.11521460168308541,0.07168757406812014,1.2988989687432237,0.11674565863859986,11.074821995033247,0.36903330146298197,0.016905431490946924,1.4409017309981647,2.063321465100695,0.9863229484091257,4.564676640433997,0.25185678562276076,0.13733287510363118,0.020204524853926806,8.589561843580556,1.0024487522978875,3.476484779133329,0.05839680706659521,0.16261766704917002,0.9948715254123335,4.345947868622417,0.4265364197430565,7.870056160889837,2.682537209893921,0.6587497167039811,0.19251064660569597,0.05486312415252503,0.6778672279309216
8.20151567745014,3.257113652146853,36.63824237121905,9.85167259273817,0.3130827372380002,0.2500431355518987,0.17654626332696594,0.15616190774359456,0.0037970938908028855,0.034117782836757385,1.1156092026159437,0.11521460168308541,0.10873537999260834,1.577086248673351,0.9549078404710525,6.081136429855255,0.7845851196437656,0.03074446965503787,3.3266733931064207,2.063321465100695,0.5048487109679068,4.564676640433997,0.33796306877976234,0.12060944966066467,0.020204524853926806,1.6133739748799913,1.0024487522978875,1.5366752659157703,0.05839680706659521,0.16261766704917002,0.9948715254123335,2.985337146197947,0.45826823003864187,5.130598963444295,2.2541236950314336,0.6587497167039811,0.19251064660569597,0.058808212922838395,0.6778672279309216
8.20151567745014,3.257113652146853,36.63824237121905,8.975171190671368,0.5066057528542465,0.2500431355518987,0.15255495933837634,0.15616190774359456,0.010140124603751039,0.03217208370663696,0.7743350320224538,0.11521460168308541,0.06372496431298044,0.7675946144132245,1.3240388440940252,2.7875130283182643,0.34067970353989524,0.03153442087044522,3.286261626129077,1.7808415479285955,0.5048487109679068,4.564676640433997,0.3371328394260383,0.12060944966066467,0.020204524853926806,1.4101898089551916,1.0024487522978875,1.5366752659157703,0.057126286333052535,0.16261766704917002,0.7385334334672488,4.55661328659964,0.3302452785043015,3.09829761090854,2.2541236950314336,0.6587497167039811,0.19057269648752667,0.058808212922838395,0.6778672279309216
8.20151567745014,3.6465883197223534,36.63824237121905,9.739791226598907,0.3130827372380002,0.4228129627747317,0.17654626332696594,0.15616190774359456,0.010140124603751039,0.03217208370663696,0.7453452289637797,0.11521460168308541,0.06372496431298044,0.7675946144132245,0.06346708635303072,2.7875130283182643,0.7875200126620546,0.028253607463680015,0.9970814138174557,3.3015381708175164,0.5048487109679068,4.564676640433997,0.2962395592243198,0.212250215534851,0.020204524853926806,1.4101898089551916,1.0024487522978875,1.5366752659157703,0.0831124490383725,0.2585945082167341,1.2959988613613818,2.985337146197947,0.4265364197430565,3.09829761090854,2.2541236950314336,0.6587497167039811,0.6471160726312895,0.08299134554960376,0.6778672279309216
8.20151567745014,3.257113652146853,41.3821248378083,8.301620473323435,0.3130827372380002,0.2500431355518987,0.2050258009069873,0.14627200895128153,0.010140124603751039,0.03217208370663696,0.7453452289637797,0.11521460168308541,0.06372496431298044,0.7675946144132245,0.06346708635303072,2.7875130283182643,0.34067970353989524,0.028253607463680015,0.9970814138174557,3.3042894451692875,0.5048487109679068,6.451941478481563,0.3563087288102523,0.03712109323683749,0.021210266472925378,1.4101898089551916,1.0024487522978875,1.395474198387984,0.06823361751383272,0.16261766704917002,0.9948715254123335,3.169271204476243,0.4265364197430565,3.09829761090854,2.316831184916301,0.6587497167039811,0.19251064660569597,0.05998290389596123,0.6778672279309216
8.383986838091744,3.3557738885944737,36.63824237121905,8.070349833519735,2.4738556821208872,0.2586590635199269,0.17654626332696594,0.15616190774359456,0.010140124603751039,0.03321521375506182,0.7453452289637797,0.11521460168308541,0.06372496431298044,3.7264521973065228,0.06346708635303072,2.7875130283182643,0.34067970353989524,0.12193274791008041,0.9970814138174557,2.063321465100695,0.5048487109679068,4.743515146999389,0.22897930365350905,0.12060944966066467,0.020204524853926806,1.4101898089551916,1.0024487522978875,1.7001962609421957,0.05839680706659521,0.1787734084782729,0.9948715254123335,2.985337146197947,0.4265364197430565,3.09829761090854,2.2541236950314336,0.7122355259209243,0.19028182207368324,0.058808212922838395,0.6778672279309216
8.20151567745014,3.257113652146853,36.63824237121905,12.20098638881429,0.4097032420473778,0.11025544817001062,0.4101551428871289,0.2275828914894099,0.010140124603751039,0.03217208370663696,0.7453452289637797,0.11521460168308541,0.1763953556836949,0.7675946144132245,0.06346708635303072,2.7875130283182643,0.34067970353989524,0.030261253267551365,0.9970814138174557,2.063321465100695,0.5048487109679068,10.474716414646759,0.22897930365350905,0.12060944966066467,0.020204524853926806,1.4101898089551916,1.0020401750205448,1.5366752659157703,0.08270842400871715,0.16261766704917002,0.9948715254123335,2.985337146197947,0.4265364197430565,3.09829761090854,3.300065103151317,0.6587497167039811,0.19251064660569597,0.07247084754954239,0.6778672279309216
8.20151567745014,3.257113652146853,37.426540231689664,9.739791226598907,0.45271799976004107,0.2509094217867492,0.17654626332696594,0.15616190774359456,0.014276595434702794,0.03217208370663696,0.7453452289637797,0.11521460168308541,0.06372496431298044,0.7675946144132245,0.06346708635303072,2.7875130283182643,0.34067970353989524,0.028253607463680015,0.9134381688239239,2.063321465100695,0.5048487109679068,13.403282228140736,0.22897930365350905,0.12060944966066467,0.020847013615260902,1.4101898089551916,0.9961582096948592,1.5366752659157703,0.10061520949506231,0.16261766704917002,0.9948715254123335,2.985337146197947,0.4265364197430565,3.09829761090854,2.2541236950314336,0.6587497167039811,0.2587195857496823,0.058808212922838395,0.6778672279309216
28.449353882944155,4.195960656803002,29.38774023903831,9.220178349420117,0.3130827372380002,0.2500431355518987,0.17654626332696594,0.15616190774359456,0.010140124603751039,0.03217208370663696,0.7453452289637797,0.11521460168308541,0.06372496431298044,0.9397860156628384,0.06346708635303072,2.7875130283182643,0.34067970353989524,0.028253607463680015,0.9970814138174557,0.8984005040515283,0.5048487109679068,4.564676640433997,0.22897930365350905,0.12060944966066467,0.020204524853926806,1.4101898089551916,1.0024487522978875,2.139164035272447,0.05839680706659521,0.16261766704917002,0.9948715254123335,3.019776398338023,0.3938392494005538,3.5221908282641237,2.2541236950314336,0.8069670355275524,0.19251064660569597,0.058808212922838395,0.6778672279309216
13.289469229551962,3.257113652146853,34.802747694590224,9.739791226598907,0.3130827372380002,0.2500431355518987,0.12591243837976784,0.15616190774359456,0.010140124603751039,0.03217208370663696,0.7453452289637797,0.11521460168308541,0.04814715224753665,1.6246585140139522,0.06346708635303072,2.7875130283182643,0.641279023993701,0.028253607463680015,0.9970814138174557,2.063321465100695,0.3148429757014291,4.564676640433997,0.22897930365350905,0.12060944966066467,0.020204524853926806,1.4101898089551916,1.0024487522978875,1.692325008421772,0.05839680706659521,0.16261766704917002,0.9081741270407504,2.985337146197947,0.4475020350102098,13.58038384941634,2.2313097471821606,0.8897895550564933,0.19251064660569597,0.058808212922838395,1.6125105756684068
8.20151567745014,2.430887679951285,36.63824237121905,9.739791226598907,1.0605049188179143,0.3295340022864862,3.0316126135984045,0.15616190774359456,0.010140124603751039,0.03217208370663696,0.6930999124463667,0.11521460168308541,0.04980624813358021,0.7675946144132245,0.06346708635303072,2.7875130283182643,0.34067970353989524,0.028253607463680015,0.5579647649467374,2.063321465100695,0.5048487109679068,4.564676640433997,0.22897930365350905,0.12060944966066467,0.020204524853926806,7.825032686975247,1.0024487522978875,1.5366752659157703,0.05839680706659521,0.22380008185970698,2.5921215847749064,5.991705220399013,0.4265364197430565,2.140863819394378,2.3332003014436444,0.3297370010308875,0.19251064660569597,0.058808212922838395,0.6778672279309216
27.09368314482924,1.960162012422026,43.70628511599843,3.2690449744694203,0.21103921544903695,0.08494102388438622,0.11436835377351084,0.10373306934970973,0.06038594074768467,0.3910466686379801,0.5742856038335485,0.43183284975479846,0.06495474146928965,0.38324657635352116,0.019349440497495308,1.2582170653735496,0.12450635168172969,0.0153268748192768,0.4492097041354461,0.7458589959141602,0.27253643506766484,2.4320702346997245,0.08766529716156381,0.04470102005764378,0.019374380550430406,0.8443452452338001,0.5091398193564075,0.64418648233407,0.04202649624645165,0.08734268643423129,0.6074426277772713,1.556835197916256,0.2340403580949566,1.4809065627128846,0.8991815109497658,1.5310440754507986,0.126586021478139,0.0828969047385123,0.6778672279309216
26.83902032650159,5.497770119931693,43.70628511599843,3.8079628273887414,0.24306413700359975,0.08494102388438622,0.14120527138288885,0.13774041153223102,0.008907482633324833,0.03217208370663696,0.5127068748830659,0.11521460168308541,0.06495474146928965,0.29995147432397756,0.019349440497495308,1.8391378431586285,0.12450635168172969,0.016209498779216413,0.4492097041354461,0.7458589959141602,0.27253643506766484,2.4320702346997245,0.08766529716156381,0.05416072263398159,0.023000086949254796,0.8443452452338001,0.5091398193564075,0.64418648233407,0.04202649624645165,0.08734268643423129,0.6074426277772713,1.556835197916256,0.2939116096954955,1.9668630738544368,0.8991815109497658,1.1609741359255457,0.126586021478139,0.058808212922838395,0.6778672279309216
26.83902032650159,2.4266876506516417,43.411184013703405,5.7278003418967955,0.21103921544903695,0.08494102388438622,0.14120527138288885,0.3380855263754256,0.00675995573908528,0.03217208370663696,0.5188337608282926,0.11521460168308541,0.07727069489716443,0.29613700847450225,0.019349440497495308,2.7172432267477524,0.13602332712102502,0.01499628810907616,1.1757795527149748,1.013364102430134,0.6857418037661978,2.4320702346997245,0.08766529716156381,0.05416072263398159,0.019374380550430406,2.223459698464859,0.5091398193564075,0.6574553037376563,0.04202649624645165,0.08734268643423129,0.6074426277772713,2.5678879899923825,0.2340403580949566,1.9973704042345264,1.3595925173811063,1.1609741359255457,0.13578551630196523,0.055837833906247344,0.6778672279309216
26.83902032650159,2.22140688401522,43.70628511599843,3.3240368396986337,0.21103921544903695,0.08494102388438622,0.14120527138288885,0.13774041153223102,0.009309101649801524,0.036497001164510774,0.49790953572990376,0.11521460168308541,0.13695272502791492,0.27245867932893375,0.02062806751477071,1.2582170653735496,0.12069096049362561,0.018700360970574273,0.4492097041354461,0.7458589959141602,0.27253643506766484,2.4320702346997245,0.09755358900890174,0.05416072263398159,0.019374380550430406,1.0475294111585995,0.5091398193564075,0.6043485336647747,0.04202649624645165,0.08734268643423129,0.6074426277772713,1.556835197916256,0.2528311203103972,1.732049532827238,0.9670907959787541,1.1609741359255457,0.126586021478139,0.058808212922838395,0.6778672279309216
34.84904312758688,2.22140688401522,43.70628511599843,3.3240368396986337,0.20778176481702895,0.08494102388438622,0.14120527138288885,0.13774041153223102,0.008907482633324833,0.03217208370663696,0.5063950702302725,0.11521460168308541,0.06495474146928965,0.268195303603476,0.019349440497495308,1.2582170653735496,0.12450635168172969,0.016209498779216413,0.4492097041354461,0.7458589959141602,0.27253643506766484,2.4320702346997245,0.08766529716156381,0.05416072263398159,0.019374380550430406,0.8443452452338001,0.5091398193564075,0.64418648233407,0.04202649624645165,0.08734268643423129,0.6074426277772713,1.556835197916256,0.2340403580949566,1.4809065627128846,0.8991815109497658,1.1609741359255457,0.126586021478139,0.058808212922838395,0.6778672279309216
27.544208615065692,2.22140688401522,43.70628511599843,3.3359296020360745,0.990683827941826,0.08494102388438622,0.14120527138288885,0.13774041153223102,0.008907482633324833,0.03217208370663696,0.5353848732889466,0.11521460168308541,0.06495474146928965,0.268195303603476,0.021258929406312126,1.2582170653735496,0.12450635168172969,0.023145833429760294,0.5169702111175943,0.7458589959141602,0.27253643506766484,2.4320702346997245,0.08766529716156381,0.05416072263398159,0.02218458442247764,0.8443452452338001,0.5091398193564075,0.64418648233407,0.04075597551290897,0.08734268643423129,0.6074426277772713,1.7077917705172718,0.2340403580949566,1.4809065627128846,0.8991815109497658,1.1609741359255457,0.12464807135996969,0.058808212922838395,0.6778672279309216
26.83902032650159,3.5509858514849326,44.18679188320202,3.3240368396986337,0.21103921544903695,0.08495879353347405,0.14120527138288885,0.13774041153223102,0.008907482633324833,0.03217208370663696,0.5063950702302725,0.11521460168308541,0.06495474146928965,0.268195303603476,0.019349440497495308,1.2582170653735496,0.12450635168172969,0.016209498779216413,0.4492097041354461,0.7458589959141602,0.27253643506766484,2.4320702346997245,0.08766529716156381,0.06402647825726158,0.019374380550430406,0.8443452452338001,0.5091398193564075,0.64418648233407,0.053921366178928634,0.10497071649465063,0.6074426277772713,1.556835197916256,0.2340403580949566,1.4809065627128846,0.8991815109497658,1.1609741359255457,0.1307344872895188,0.11466388250955742,0.6778672279309216
26.83902032650159,2.22140688401522,45.84634405795955,3.3240368396986337,0.21103921544903695,0.08494102388438622,0.14120527138288885,0.13774041153223102,0.008907482633324833,0.03217208370663696,0.5606609987206069,0.3014910379894772,0.06495474146928965,0.26228141384648307,0.019349440497495308,1.2582170653735496,0.1253393795358058,0.016209498779216413,0.4492097041354461,0.7458589959141602,0.27253643506766484,2.4320702346997245,0.08766529716156381,0.05416072263398159,0.019374380550430406,0.8443452452338001,0.5091398193564075,0.64418648233407,0.04202649624645165,0.08734268643423129,0.6074426277772713,1.556835197916256,0.2340403580949566,1.4809065627128846,0.8991815109497658,1.1298988970804418,0.126586021478139,1.3675727638645638,0.6778672279309216
23.349975898737828,2.22140688401522,55.935633895723974,3.3240368396986337,0.21103921544903695,0.08494102388438622,0.14120527138288885,0.13774041153223102,0.008907482633324833,0.03217208370663696,0.5063950702302725,0.11521460168308541,0.06495474146928965,0.268195303603476,0.019349440497495308,1.2582170653735496,0.12450635168172969,0.016209498779216413,0.4492097041354461,0.7458589959141602,0.27253643506766484,2.4320702346997245,0.14301514542522206,0.05416072263398159,0.02038012216942898,0.8443452452338001,0.5091398193564075,0.64418648233407,0.04929744189284971,0.08734268643423129,0.6074426277772713,1.7260106442840675,0.2340403580949566,1.4809065627128846,0.8991815109497658,1.1609741359255457,0.126586021478139,0.05998290389596123,0.6778672279309216
37.551220288546546,2.320067120462841,43.70628511599843,3.3240368396986337,0.42744922033738647,0.08494102388438622,0.14120527138288885,0.13774041153223102,0.008907482633324833,0.03321521375506182,0.5063950702302725,0.11521460168308541,0.06495474146928965,0.1887972832570929,0.019349440497495308,1.2582170653735496,0.12450635168172969,0.01701298847121981,0.4492097041354461,0.7458589959141602,0.27253643506766484,2.4320702346997245,0.08766529716156381,0.05054476053358673,0.019374380550430406,0.8443452452338001,0.5091398193564075,0.64418648233407,0.04202649624645165,0.10419321788287257,0.6074426277772713,1.556835197916256,0.2340403580949566,1.4809065627128846,0.8991815109497658,1.2588825000213817,0.126586021478139,0.058808212922838395,0.6778672279309216
26.83902032650159,2.3055013798854618,43.70628511599843,3.3240368396986337,0.24591046506562808,0.06561009533541688,0.14308262121847798,0.13774041153223102,0.008907482633324833,0.03217208370663696,0.48888289082649766,0.11521460168308541,0.07991002475209384,0.24745186798379787,0.024531364704533303,1.2582170653735496,0.12450635168172969,0.018471196547971785,0.4492097041354461,0.7458589959141602,0.27253643506766484,2.4987640105542726,0.08766529716156381,0.05416072263398159,0.019374380550430406,0.8443452452338001,0.5091398193564075,0.6391510347038802,0.0325015114534027,0.08734268643423129,0.6074426277772713,1.556835197916256,0.2340403580949566,1.4809065627128846,0.8991815109497658,1.1609741359255457,0.126586021478139,0.07247084754954239,0.6778672279309216
26.83902032650159,1.6485071580347483,48.64811626081873,3.3240368396986337,0.21813227584785233,0.19140117947885066,0.2844790930566299,0.13774041153223102,0.008907482633324833,0.03217208370663696,0.5063950702302725,0.11521460168308541,0.08668026528704903,0.268195303603476,0.019349440497495308,1.2582170653735496,0.1280805502538274,0.016209498779216413,0.4492097041354461,0.7458589959141602,0.27253643506766484,2.4320702346997245,0.08766529716156381,0.05640632868515415,0.019374380550430406,1.4898858244349058,0.5091398193564075,0.64418648233407,0.029892293023324013,0.11170015097530948,0.7639290458359307,2.246697828977829,0.2715540853484792,1.4809065627128846,0.8991815109497658,1.5164973007513347,0.126586021478139,0.09642163652640258,0.6778672279309216
26.83902032650159,2.22140688401522,43.70628511599843,3.3240368396986337,0.22570309843880978,0.08935444365497787,0.14120527138288885,0.13774041153223102,0.01304395346427659,0.03217208370663696,0.5063950702302725,0.11521460168308541,0.06495474146928965,0.268195303603476,0.026250059809866055,1.2582170653735496,0.12450635168172969,0.016209498779216413,0.4492097041354461,0.7458589959141602,0.27253643506766484,3.4567406740664914,0.08766529716156381,0.05416072263398159,0.020016869311764503,0.8443452452338001,0.5091398193564075,0.8659467251841285,0.030855601845902688,0.08734268643423129,0.6074426277772713,1.556835197916256,0.2340403580949566,1.4809065627128846,1.1106725331733471,1.293579395280337,0.13577083532942674,0.058808212922838395,0.6778672279309216
25.650379530156656,1.9341358449706174,43.70628511599843,3.3240368396986337,0.5106064661965759,0.08494102388438622,0.2444287714589897,0.13774041153223102,0.008907482633324833,0.03217208370663696,0.6677514102506159,0.2136529922300285,0.06495474146928965,0.268195303603476,0.019349440497495308,1.2582170653735496,0.12450635168172969,0.016209498779216413,0.4492097041354461,0.7458589959141602,0.27253643506766484,3.02061888097473,0.13299770174942285,0.05416072263398159,0.01816362946336567,0.8443452452338001,0.5091398193564075,0.5791136409589405,0.04202649624645165,0.08734268643423129,0.9276133911832292,1.556835197916256,0.17444344215811267,1.633758367041667,0.8991815109497658,1.1191401265661247,0.126586021478139,0.058808212922838395,0.46920145632878335
13.822609078374214,2.1083793134517017,25.21702606267685,3.3240368396986337,0.21792901860345856,0.08494102388438622,0.14120527138288885,0.13774041153223102,0.1257259712055283,0.03217208370663696,0.4509537281243081,0.11521460168308541,0.06495474146928965,0.3638238092808772,0.04604142897358015,4.33851299590483,0.1775292457202553,0.018135811022755473,0.4492097041354461,4.521735632416785,0.7639177092273943,8.29965381926818,0.12009231864799462,0.0794738139786799,0.019374380550430406,0.9234921330031387,4.207066992964029,0.64418648233407,0.11463070534405131,0.4462095111998937,0.7404623571114561,14.689839223339996,2.448489056801507,1.4809065627128846,9.324655724826503,1.1609741359255457,3.6632429196686997,0.058808212922838395,2.8068523480791727
25.352080209337387,2.22140688401522,47.48536484811969,3.3240368396986337,0.21103921544903695,0.0656365156159653,0.06874047956577244,0.10373306934970973,0.007722571688228609,0.24030155650389143,0.5677594215422055,0.2863874231122641,0.06495474146928965,0.38324657635352116,0.019349440497495308,1.2582170653735496,0.12109868780722845,0.0153268748192768,0.4492097041354461,0.7458589959141602,0.27253643506766484,2.3195091276689985,0.08228291565314745,0.04470102005764378,0.0189832173003485,0.7414673856203596,0.5091398193564075,0.64418648233407,0.0388060519890875,0.08734268643423129,0.6074426277772713,1.556835197916256,0.2340403580949566,1.4809065627128846,0.8991815109497658,1.2234720590873027,0.12321327721072092,0.13358625320182868,0.6778672279309216
25.352080209337387,2.0304664339929572,47.48536484811969,3.320981085279628,0.24306413700359975,0.0656365156159653,0.06874047956577244,0.10373306934970973,0.007722571688228609,0.03217208370663696,0.5740712261949988,0.11521460168308541,0.06495474146928965,0.29995147432397756,0.019349440497495308,1.6682033821539382,0.12109868780722845,0.0153268748192768,0.4492097041354461,0.7458589959141602,0.27253643506766484,2.3195091276689985,0.08228291565314745,0.04470102005764378,0.02075074202819481,0.7414673856203596,0.5091398193564075,0.64418648233407,0.0388060519890875,0.08734268643423129,0.6074426277772713,1.556835197916256,0.2939116096954955,1.6529365417516424,0.8991815109497658,1.1609741359255457,0.12321327721072092,0.058808212922838395,0.6778672279309216
25.352080209337387,2.22140688401522,47.48536484811969,3.3240368396986337,0.21103921544903695,0.0656365156159653,0.06874047956577244,0.10373306934970973,0.007399438881319386,0.036497001164510774,0.5592738870418368,0.11521460168308541,0.13695272502791492,0.27245867932893375,0.02062806751477071,1.2582170653735496,0.09917370295784388,0.01781773701063466,0.4492097041354461,0.7458589959141602,0.27253643506766484,2.3195091276689985,0.0921712075004854,0.04470102005764378,0.0189832173003485,0.7414673856203596,0.5091398193564075,0.6043485336647747,0.0388060519890875,0.08734268643423129,0.6074426277772713,1.556835197916256,0.2528311203103972,1.667822867519698,0.9670907959787541,1.1609741359255457,0.12321327721072092,0.058808212922838395,0.6778672279309216
33.362103010422686,2.22140688401522,47.48536484811969,3.3240368396986337,0.20503102405701049,0.0656365156159653,0.06874047956577244,0.10373306934970973,0.007722571688228609,0.03217208370663696,0.5677594215422055,0.11521460168308541,0.06495474146928965,0.268195303603476,0.019349440497495308,1.2582170653735496,0.12109868780722845,0.0153268748192768,0.4492097041354461,0.7458589959141602,0.27253643506766484,2.3195091276689985,0.08228291565314745,0.04470102005764378,0.0189832173003485,0.7414673856203596,0.5091398193564075,0.64418648233407,0.0388060519890875,0.08734268643423129,0.6074426277772713,1.556835197916256,0.2340403580949566,1.4809065627128846,0.8991815109497658,1.1609741359255457,0.12321327721072092,0.058808212922838395,0.6778672279309216
26.05726849790149,2.22140688401522,47.48536484811969,3.3359296020360745,0.8017945692212146,0.0656365156159653,0.06874047956577244,0.10373306934970973,0.007722571688228609,0.03217208370663696,0.5967492246008795,0.11521460168308541,0.06495474146928965,0.268195303603476,0.021258929406312126,1.2582170653735496,0.12109868780722845,0.02226320946982068,0.5169702111175943,0.7458589959141602,0.27253643506766484,2.3195091276689985,0.08228291565314745,0.04470102005764378,0.02179342117239573,0.7414673856203596,0.5091398193564075,0.64418648233407,0.0388060519890875,0.08734268643423129,0.6074426277772713,1.7077917705172718,0.2340403580949566,1.4809065627128846,0.8991815109497658,1.1609741359255457,0.12321327721072092,0.058808212922838395,0.6778672279309216
25.352080209337387,2.872949395382526,48.392043900320026,3.3240368396986337,0.21103921544903695,0.08121300354023218,0.06766700327800897,0.10373306934970973,0.007722571688228609,0.03217208370663696,0.5677594215422055,0.11521460168308541,0.06495474146928965,0.268195303603476,0.019349440497495308,1.2582170653735496,0.12109868780722845,0.0153268748192768,0.4492097041354461,0.7458589959141602,0.27253643506766484,2.3195091276689985,0.08228291565314745,0.0552709505642998,0.0189832173003485,0.7414673856203596,0.5091398193564075,0.64418648233407,0.04959425926194106,0.10497071649465063,0.6074426277772713,1.556835197916256,0.2340403580949566,1.4809065627128846,0.8991815109497658,1.1609741359255457,0.12736174302210074,0.10351976922764877,0.6778672279309216
25.352080209337387,2.22140688401522,58.682270578973174,3.3240368396986337,0.21103921544903695,0.0656365156159653,0.06874047956577244,0.10373306934970973,0.007722571688228609,0.03217208370663696,1.1013471177889664,0.40406723423631324,0.06495474146928965,0.26228141384648307,0.019349440497495308,1.2582170653735496,0.12193171566130455,0.0153268748192768,0.4492097041354461,0.7458589959141602,0.27253643506766484,2.3195091276689985,0.08228291565314745,0.04470102005764378,0.02137373011530854,0.7414673856203596,0.5091398193564075,0.64418648233407,0.03944000131306797,0.08734268643423129,0.6074426277772713,1.556835197916256,0.2340403580949566,1.4809065627128846,0.8991815109497658,1.1298988970804418,0.12321327721072092,0.032960110020300824,0.6778672279309216
21.863035781573625,2.22140688401522,61.285037195539346,3.3240368396986337,0.21103921544903695,0.0656365156159653,0.06874047956577244,0.10373306934970973,0.007722571688228609,0.03217208370663696,0.5677594215422055,0.11521460168308541,0.06495474146928965,0.268195303603476,0.019349440497495308,1.2582170653735496,0.12109868780722845,0.0153268748192768,0.4492097041354461,0.7458589959141602,0.27253643506766484,2.3195091276689985,0.14301514542522206,0.04470102005764378,0.020431657314607655,0.7414673856203596,0.5091398193564075,0.64418648233407,0.04607699763548556,0.08734268643423129,0.6074426277772713,1.7260106442840675,0.2340403580949566,1.4809065627128846,0.8991815109497658,1.1609741359255457,0.12321327721072092,0.05998290389596123,0.6778672279309216
36.4897273240506,2.320067120462841,46.50141020036774,3.3240368396986337,0.1615197017299177,0.0656365156159653,0.06874047956577244,0.10373306934970973,0.007722571688228609,0.03321521375506182,0.5677594215422055,0.11521460168308541,0.06495474146928965,0.1887972832570929,0.019349440497495308,1.2582170653735496,0.12109868780722845,0.01701298847121981,0.4492097041354461,0.7458589959141602,0.27253643506766484,2.3195091276689985,0.08228291565314745,0.04984058565021072,0.0189832173003485,0.7414673856203596,0.5091398193564075,0.64418648233407,0.0388060519890875,0.10419321788287257,0.6074426277772713,1.556835197916256,0.2340403580949566,1.4809065627128846,0.8991815109497658,1.2588825000213817,0.12321327721072092,0.058808212922838395,0.6778672279309216
25.352080209337387,1.6485071580347483,52.427195992939986,3.3240368396986337,0.21813227584785233,0.05854707214778628,0.11586604266422074,0.10373306934970973,0.007722571688228609,0.03217208370663696,0.5677594215422055,0.11521460168308541,0.08668026528704903,0.268195303603476,0.019349440497495308,1.2582170653735496,0.1315508300642726,0.0153268748192768,0.4492097041354461,0.7458589959141602,0.27253643506766484,2.3195091276689985,0.08228291565314745,0.046946626108816294,0.0189832173003485,1.348905715200558,0.5091398193564075,0.64418648233407,0.028973795271037092,0.07346230387720516,0.7639290458359307,2.246697828977829,0.2715540853484792,1.4809065627128846,0.8991815109497658,1.5164973007513347,0.12321327721072092,0.09642163652640258,0.6778672279309216
25.352080209337387,2.22140688401522,47.48536484811969,3.3240368396986337,0.22570309843880978,0.07430770888009938,0.06874047956577244,0.10373306934970973,0.011859042519180369,0.03217208370663696,0.5677594215422055,0.11521460168308541,0.06495474146928965,0.268195303603476,0.05919440598009496,1.2582170653735496,0.12109868780722845,0.0153268748192768,0.4492097041354461,0.7458589959141602,0.27253643506766484,3.562132108108526,0.08228291565314745,0.04470102005764378,0.019625706061682596,0.7414673856203596,0.5091398193564075,2.831961302937132,0.02763515758853853,0.08734268643423129,0.6074426277772713,1.556835197916256,0.2340403580949566,1.4809065627128846,1.1106725331733471,1.293579395280337,0.13239809106200867,0.058808212922838395,0.6778672279309216
8.034725736706873,7.885572498594102,33.61181968231846,10.93376875960374,0.3130827372380002,0.2500431355518987,0.15113994866547778,0.2925666580674017,0.008907482633324833,0.03217208370663696,0.39797598811418927,0.11521460168308541,0.06372496431298044,0.3275458642327633,0.02377063602898975,10.020629636227905,0.34067970353989524,0.02006083450957148,1.1819128944861632,2.2904220226922667,0.47671344286342743,4.564676640433997,0.5108427193177802,0.11902811503564005,0.02722938587839482,2.8057007414473554,1.5091579666154213,0.820661858848292,0.04749682940827394,0.16192287702963162,1.4266822823108865,2.8444346405309577,0.335745657121858,3.361814754116261,1.8570656884730767,0.5208080149798804,0.21190726593500442,0.058808212922838395,0.6778672279309216
8.034725736706873,2.460026304192927,19.45900798092967,33.46431853276371,0.3130827372380002,0.24501141746090618,0.23388958439596402,0.2925666580674017,0.00675995573908528,0.03217208370663696,0.3130346961945883,0.11521460168308541,0.07168757406812014,0.31658407754691426,0.02063865168605035,12.077868516345251,0.3422690735266815,0.013973613623246943,1.2610940921805485,2.2904220226922667,0.9655783487159981,4.564676640433997,0.39149282031389826,0.13575154047860657,0.019374380550430406,1.281424850713145,1.4215893131824056,0.8339306802518782,0.04749682940827394,0.16192287702963162,1.4266822823108865,3.5221767097636207,0.32278820862064045,5.832438455641122,2.0974666800858324,0.5208080149798804,0.21190726593500442,0.05486312415252503,0.6778672279309216
8.034725736706873,2.951274448137623,35.1081019618506,10.93376875960374,0.3130827372380002,0.2500431355518987,0.17654626332696594,0.2925666580674017,0.004019812472795822,0.034117782836757385,0.3831786489610275,0.11521460168308541,0.10873537999260834,0.33491811931303994,0.08133876804603558,6.9092603175424205,0.19106137804838558,0.02255169670092934,4.240311299873477,2.2904220226922667,0.47671344286342743,4.564676640433997,0.5189659281193819,0.11902811503564005,0.019374380550430406,3.0088849073721575,1.4215893131824056,0.6898171035890512,0.04749682940827394,0.16192287702963162,1.4266822823108865,2.8444346405309577,0.36803321041647774,6.897134426990846,2.7604475855613266,0.5208080149798804,0.21190726593500442,0.058808212922838395,0.6778672279309216
8.034725736706873,2.951274448137623,35.1081019618506,11.630372677430785,0.5066057528542465,0.2500431355518987,0.15255495933837634,0.4268704354093947,0.008907482633324833,0.03217208370663696,0.4206539865200702,0.11521460168308541,0.06372496431298044,0.29578969351226186,0.21370708877357952,3.6156369160054287,0.34067970353989524,0.023128950699699575,3.286261626129077,2.0079421055201667,0.47671344286342743,4.564676640433997,1.4577461606272983,0.11902811503564005,0.02218458442247764,2.8057007414473554,1.4215893131824056,0.820661858848292,0.046226308674731265,0.16192287702963162,1.4266822823108865,4.415710780932651,0.2264970673818855,2.7067786413250308,1.9719705239624128,0.5208080149798804,0.20996931581683512,0.058808212922838395,0.6778672279309216
8.034725736706873,5.2225922609006865,35.1081019618506,10.93376875960374,0.3130827372380002,0.6718018244294304,0.17654626332696594,0.2925666580674017,0.008907482633324833,0.03217208370663696,0.3916641834613961,0.11521460168308541,0.06372496431298044,0.29578969351226186,0.02377063602898975,3.6156369160054287,0.7875200126620546,0.02006083450957148,1.1651837298712906,3.021375411708721,0.47671344286342743,4.564676640433997,0.45710691207931503,0.3031768843208178,0.019374380550430406,2.8057007414473554,1.4215893131824056,0.820661858848292,0.07221247138005125,0.2585945082167341,1.727809618259935,2.8444346405309577,0.32278820862064045,2.7067786413250308,1.9719705239624128,0.5208080149798804,0.6713610765091322,0.11466388250955742,0.6778672279309216
8.034725736706873,2.951274448137623,29.391722446202447,10.93376875960374,0.3130827372380002,0.2500431355518987,0.2050258009069873,0.26234869408795736,0.008907482633324833,0.03217208370663696,0.3916641834613961,0.11521460168308541,0.06372496431298044,0.39013372599052615,0.02377063602898975,3.6156369160054287,0.34067970353989524,0.02006083450957148,1.1651837298712906,25.957467724553478,0.47671344286342743,6.451941478481563,0.44595415220790785,4.27297749735445,0.02038012216942898,2.8057007414473554,1.4215893131824056,0.820661858848292,0.05583375236363487,0.16192287702963162,1.4266822823108865,3.1975441451770648,0.32278820862064045,2.7067786413250308,2.0346780138472806,0.5208080149798804,0.21190726593500442,0.05998290389596123,0.6778672279309216
8.034725736706873,2.951274448137623,35.896399822321214,10.93376875960374,0.45271799976004107,0.2509094217867492,0.17654626332696594,0.2925666580674017,0.01304395346427659,0.03217208370663696,0.3916641834613961,0.11521460168308541,0.06372496431298044,0.29578969351226186,0.020835454755778037,3.3984468439829167,0.34067970353989524,0.02006083450957148,1.0815404848777594,2.2904220226922667,0.47671344286342743,15.430555593871574,0.4057510917193998,0.11902811503564005,0.020016869311764503,2.8057007414473554,1.348808283133081,0.9041126620819225,0.2135060168985612,0.16192287702963162,1.4266822823108865,2.8444346405309577,0.32278820862064045,2.7067786413250308,1.9719705239624128,0.5208080149798804,0.22109207978629217,0.058808212922838395,0.6778672279309216
8.27056464393359,2.125048475942055,35.1081019618506,8.718106389601058,0.2564525008488569,0.3237094137152628,0.09915308432617222,0.2925666580674017,0.008907482633324833,0.03217208370663696,0.5657560529762641,0.11521460168308541,0.04980624813358021,0.29578969351226186,0.02377063602898975,2.338144572419037,0.34067970353989524,0.02006083450957148,0.6366419523316246,2.2904220226922667,0.47671344286342743,4.564676640433997,0.4057510917193998,0.11902811503564005,0.019374380550430406,14.834445039305534,1.4215893131824056,0.820661858848292,0.04749682940827394,0.1465773553102377,0.4214585261656558,2.281762259842732,0.3276830345612664,1.700824679753974,1.8760617119908822,0.3297370010308875,0.21190726593500442,0.058808212922838395,0.6778672279309216
19.861378821247012,1.3377182595113293,45.1919624129086,6.457199257792368,0.21103921544903695,0.1136384788290869,0.20260010623593236,0.26153811178654424,0.04891993870295432,0.3631791524013152,0.8168473375438854,1.3853639939909328,0.09582365960685243,0.39979437228363496,0.04204912232808839,1.429864344629364,0.13321264198557306,0.02105912594568398,0.463550400188115,0.8880769018600742,0.3034068386679762,2.534770201012175,0.12099150673837897,0.049460050944149604,0.030414674794712247,0.8563616575912794,0.598656409753689,0.877399251075666,0.04424469196903293,0.08734268643423129,0.7031775033364807,2.3438852657720592,0.2950201058748014,2.314480498569633,1.6001913072028282,1.4215392184380842,0.21618760832186124,0.07288828350973069,0.6778672279309216
8.492832686880025,1.6127075608011048,45.1919624129086,10.119549053241114,0.24306413700359975,0.1136384788290869,0.22722275157051838,0.3532058625460315,0.013686695507115477,0.03217208370663696,0.9151210590231449,0.11521460168308541,0.09582365960685243,0.39979437228363496,0.04204912232808839,3.848312631018057,0.13321264198557306,0.02105912594568398,0.463550400188115,0.8880769018600742,0.3034068386679762,2.534770201012175,0.12099150673837897,0.05891975352048739,0.030414674794712247,0.8563616575912794,0.598656409753689,0.877399251075666,0.04424469196903293,0.08734268643423129,0.7031775033364807,2.3438852657720592,0.3419339089741228,2.9228259940659598,1.6275202627250651,0.9039389160210595,0.21618760832186124,0.08356255292089255,0.6778672279309216
7.991527270013029,1.5154866944105516,42.484460893887544,11.29528735599414,0.21103921544903695,0.1136384788290869,0.22722275157051838,0.5376642851216031,0.00675995573908528,0.03217208370663696,0.9798755988114154,0.11521460168308541,0.10017700327958752,0.8625002809697413,0.10362207897522671,3.1493183401675697,0.21359277216325145,0.08664633935531103,1.429939244157732,1.2945412598989543,2.7456621570939204,2.534770201012175,0.12099150673837897,0.05891975352048739,0.04305143161371728,4.02155325377811,0.598656409753689,0.9724361287082276,0.04424469196903293,0.08734268643423129,0.7031775033364807,3.2950962815026186,0.2950201058748014,6.25792766987825,2.03329514211508,0.9039389160210595,0.26864501663993634,0.07028678884616954,0.6778672279309216
8.492832686880025,1.4959554877062569,45.1919624129086,6.457199257792368,0.21103921544903695,0.1136384788290869,0.22722275157051838,0.2657555397200648,0.00734447790957825,0.036497001164510774,1.1156092026159437,0.11521460168308541,0.14536604261998012,0.5215985185800103,0.13051551743816095,1.429864344629364,0.4010687277370824,0.02105912594568398,0.463550400188115,0.8880769018600742,0.3034068386679762,2.534770201012175,0.14688300230156978,0.05891975352048739,0.030414674794712247,1.059545823516079,0.598656409753689,1.6999553149183502,0.04424469196903293,0.08734268643423129,0.7031775033364807,2.3438852657720592,0.30029767658999007,2.9969751823546544,1.6275202627250651,0.9039389160210595,0.21618760832186124,0.09711128712096134,0.6778672279309216
8.492832686880025,1.5154866944105516,45.1919624129086,6.457199257792368,0.5316575056649373,0.1136384788290869,0.22722275157051838,0.2657555397200648,0.013686695507115477,0.03217208370663696,0.7743350320224538,0.11521460168308541,0.09582365960685243,0.39979437228363496,0.04304872720664562,1.429864344629364,0.13321264198557306,0.024927344406099745,1.4153622299242126,0.8880769018600742,0.3034068386679762,2.534770201012175,0.12099150673837897,0.05891975352048739,0.030414674794712247,0.8563616575912794,0.598656409753689,0.877399251075666,0.04297417123549026,0.08734268643423129,0.7031775033364807,4.14763757822729,0.2950201058748014,2.314480498569633,1.6275202627250651,1.1394960423624718,0.21424965820369193,0.09711128712096134,0.6778672279309216
8.492832686880025,2.6100778451141844,45.67246918011219,6.457199257792368,0.21103921544903695,0.11365624847817472,0.2471636687890721,0.2657555397200648,0.013686695507115477,0.03217208370663696,0.7453452289637797,0.11521460168308541,0.09582365960685243,0.39979437228363496,0.04204912232808839,1.429864344629364,0.13321264198557306,0.0309476576232034,0.463550400188115,0.8880769018600742,0.3082364810887933,2.534770201012175,0.12099150673837897,0.0687855091437674,0.030414674794712247,0.8563616575912794,0.598656409753689,0.877399251075666,0.05613956190150992,0.10497071649465063,0.7031775033364807,2.3438852657720592,0.2950201058748014,2.314480498569633,1.6275202627250651,0.9039389160210595,0.21618760832186124,0.09711128712096134,0.6778672279309216
8.492832686880025,2.2583002455731354,47.33202135486972,6.457199257792368,0.21103921544903695,0.1136384788290869,0.22722275157051838,0.2657555397200648,0.013686695507115477,0.03217208370663696,0.7453452289637797,0.7174222073408982,0.09582365960685243,0.37752701161734636,0.04204912232808839,1.429864344629364,0.13321264198557306,0.02105912594568398,0.463550400188115,0.8880769018600742,0.3034068386679762,2.534770201012175,0.12099150673837897,0.05891975352048739,0.030414674794712247,0.8563616575912794,0.598656409753689,0.877399251075666,0.04424469196903293,0.08734268643423129,0.7031775033364807,2.3438852657720592,0.2950201058748014,2.1515332291863882,1.6275202627250651,0.8817505807866373,0.21618760832186124,0.16120085997186812,0.6778672279309216
8.492832686880025,1.5154866944105516,55.0113917133174,6.457199257792368,0.21103921544903695,0.1136384788290869,0.22722275157051838,0.2657555397200648,0.013686695507115477,0.03217208370663696,0.7453452289637797,0.11521460168308541,0.09582365960685243,0.39979437228363496,0.04204912232808839,1.429864344629364,0.13321264198557306,0.02105912594568398,0.463550400188115,0.8880769018600742,0.3034068386679762,2.534770201012175,0.1540068176805318,0.05891975352048739,0.037111011887639524,0.8563616575912794,0.598656409753689,0.877399251075666,0.051515637615430994,0.08734268643423129,0.7031775033364807,2.3438852657720592,0.2950201058748014,2.314480498569633,1.6275202627250651,0.9039389160210595,0.21618760832186124,0.09711128712096134,0.6778672279309216
8.244738337841746,1.5154866944105516,48.09925711552502,6.457199257792368,0.26345118237228404,0.2505797350172817,0.3762203980331545,0.7719145799698396,0.013686695507115477,0.03217208370663696,0.682946234289678,0.11521460168308541,0.1666438304414118,0.39979437228363496,0.04204912232808839,1.429864344629364,0.13678684055767076,0.02105912594568398,0.463550400188115,0.8880769018600742,0.3034068386679762,2.534770201012175,0.12099150673837897,0.06600976462040033,0.030414674794712247,2.4326929614722417,0.598656409753689,0.877399251075666,0.18555439686884598,0.1534483719407464,0.8596639213951403,3.118460463458268,0.3495043874055608,2.113783292601687,1.6275202627250651,0.9039389160210595,0.21618760832186124,0.09711128712096134,0.6778672279309216
8.492832686880025,1.5154866944105516,45.1919624129086,6.457199257792368,0.22570309843880978,0.11805189859967855,0.24141942881521583,0.41394336814538446,0.01782316633806723,0.03217208370663696,0.7453452289637797,0.11521460168308541,0.09582365960685243,0.39979437228363496,0.05062005917290879,1.429864344629364,0.13321264198557306,0.02105912594568398,0.463550400188115,0.8880769018600742,0.3034068386679762,10.211643835737995,0.12099150673837897,0.05891975352048739,0.030414674794712247,0.8563616575912794,0.598656409753689,1.083097400480875,0.04868881487898673,0.08734268643423129,0.7031775033364807,2.3438852657720592,0.2950201058748014,2.314480498569633,1.6275202627250651,0.9039389160210595,0.21618760832186124,0.09711128712096134,0.6778672279309216
8.492832686880025,1.3589767978340477,40.60314607535412,6.457199257792368,0.21103921544903695,0.1136384788290869,0.6154770692757825,0.2657555397200648,0.013686695507115477,0.03217208370663696,0.7453452289637797,0.11521460168308541,0.053387400126233,0.3555692697207714,0.04204912232808839,1.429864344629364,0.23492471979995824,0.02105912594568398,3.532252650608854,1.32726580862657,1.5046333484713301,2.534770201012175,0.12099150673837897,0.05891975352048739,0.018163629463365673,0.8563616575912794,4.73847826733572,0.877399251075666,0.04424469196903293,0.08734268643423129,0.7031775033364807,2.3438852657720592,0.20386101035631188,10.006293912126306,1.6275202627250651,0.9039389160210595,0.3502134192754955,0.09711128712096134,1.3234675442957766
8.492832686880025,1.5154866944105516,45.1919624129086,6.457199257792368,0.18017431334870213,0.1136384788290869,0.22722275157051838,0.2657555397200648,0.013686695507115477,0.03217208370663696,0.7453452289637797,0.2136529922300285,0.09582365960685243,0.39979437228363496,0.04204912232808839,1.429864344629364,0.13321264198557306,0.02105912594568398,0.463550400188115,0.8880769018600742,0.3034068386679762,3.1233188472871802,0.13437541002432257,0.05891975352048739,0.030414674794712247,0.8563616575912794,0.598656409753689,0.7173587960100329,0.04424469196903293,0.08734268643423129,2.170484373664937,2.361672920480811,0.29587588660915476,2.842717584339548,1.6275202627250651,0.9039389160210595,0.24923863184352235,0.166825008264117,0.8775348761940157
8.492832686880025,1.3823684878930795,25.056250604849822,6.457199257792368,0.21792901860345856,0.1136384788290869,0.22722275157051838,0.2657555397200648,-0.004743296797081892,0.03217208370663696,0.6642998165258382,0.11521460168308541,0.09582365960685243,0.5782175926856296,0.24975700149404606,4.443961811582622,0.17753435788536331,0.017237817567511346,0.463550400188115,3.959512199176824,0.7407270550228328,8.402353785580633,0.12099150673837897,0.05891975352048739,0.030414674794712247,0.935508545360618,7.501769392978848,0.877399251075666,0.11684890106663261,0.4395279807957884,0.8361972326706653,13.94155660574941,4.51932891124266,2.314480498569633,10.96639480533072,0.9039389160210595,8.027869358471486,0.09711128712096134,2.2214870847768546
12.31213258390375,1.260908551422548,51.893632738898056,6.457199257792368,0.21103921544903695,0.07432585416288254,0.1313282566993743,0.1367679189214378,0.008955213658654813,0.21034970358386126,0.7453452289637797,0.4888484023568747,0.09582365960685243,0.33361422720904993,0.027876435598267423,1.4217389818278847,0.12980497811107183,0.0204130128435204,0.463550400188115,0.8880769018600742,0.3034068386679762,2.4222090939814485,0.09891557424748533,0.049460050944149604,0.021677478049440455,0.7534837979778389,0.598656409753689,0.877399251075666,0.041024247711668786,0.08734268643423129,0.7031775033364807,2.3438852657720592,0.2915367249506809,2.240326369899705,1.1757177305846187,0.9664368391828164,0.20949944193435172,0.07288828350973069,0.6778672279309216
10.171002974657398,1.260908551422548,51.893632738898056,22.09000632072886,0.24306413700359975,0.07432585416288254,0.1313282566993743,0.2242182417474044,0.008955213658654813,0.03217208370663696,0.9151210590231449,0.11521460168308541,0.09582365960685243,0.33361422720904993,0.026851476513140498,3.4018618274452974,0.12980497811107183,0.0204130128435204,0.463550400188115,0.8880769018600742,0.3034068386679762,2.4222090939814485,0.09891557424748533,0.049460050944149604,0.021677478049440455,0.7534837979778389,0.598656409753689,0.877399251075666,0.041024247711668786,0.08734268643423129,0.7031775033364807,2.3438852657720592,0.3384505280500023,2.5347453332932366,1.1757177305846187,0.9039389160210595,0.20949944193435172,0.08356255292089255,0.6778672279309216
9.075333601843674,1.260908551422548,36.59579952026373,11.29528735599414,0.21103921544903695,0.07432585416288254,0.1313282566993743,0.16235586442109104,0.006759955739085279,0.03217208370663696,0.4325726460486631,0.11521460168308541,0.10017700327958752,0.7371968307366498,0.035484704005418165,3.14119297736609,0.2073173167610215,0.03644310645996745,1.429939244157732,1.2945412598989543,0.8561183495964194,2.516549236198495,0.09891557424748533,0.049460050944149604,0.034240826771447436,3.838782251376546,0.598656409753689,0.9724361287082276,0.040542975854191296,0.08734268643423129,0.7031775033364807,4.238287568299461,0.2915367249506809,8.84593363054651,2.1911317031480073,0.9039389160210595,0.2577704583161923,0.0693120790924472,0.6778672279309216
13.985969390089569,2.8482378434922655,51.893632738898056,6.457199257792368,0.21103921544903695,0.07432585416288254,0.1313282566993743,0.1367679189214378,0.0018882442377316762,0.036497001164510774,1.1156092026159437,0.11521460168308541,0.14536604261998012,0.455418373505425,0.11156538559102229,1.4217389818278847,0.4010687277370824,0.0204130128435204,0.463550400188115,0.8880769018600742,0.3034068386679762,2.4222090939814485,0.12480706981067606,0.049460050944149604,0.021677478049440455,0.7534837979778389,0.598656409753689,1.6999553149183502,0.041024247711668786,0.08734268643423129,0.7031775033364807,2.3438852657720592,0.2968142956658696,2.897197871188092,1.1757177305846187,0.9039389160210595,0.20949944193435172,0.09711128712096134,0.6778672279309216
12.040572186699224,1.2414456711403894,55.757578869241264,5.452877796090905,0.20503102405701049,0.07432585416288254,0.1313282566993743,0.1367679189214378,0.008955213658654813,0.03217208370663696,0.7453452289637797,0.11521460168308541,0.09582365960685243,0.33361422720904993,0.027876435598267423,1.4217389818278847,0.12980497811107183,0.0204130128435204,0.463550400188115,0.8880769018600742,0.3034068386679762,2.4222090939814485,0.09891557424748533,0.049460050944149604,0.021677478049440455,0.7534837979778389,0.598656409753689,0.877399251075666,0.041024247711668786,0.08734268643423129,0.7031775033364807,2.3438852657720592,0.2915367249506809,2.240326369899705,1.07871962867926,0.9039389160210595,0.20949944193435172,0.09711128712096134,0.6778672279309216
10.601526206663685,2.61708519247218,52.800311791098395,6.457199257792368,0.21103921544903695,0.08990234208714945,0.25556309380069964,0.1367679189214378,0.008955213658654813,0.03217208370663696,0.7453452289637797,0.11521460168308541,0.09582365960685243,0.33361422720904993,0.027876435598267423,1.4217389818278847,0.12980497811107183,0.03030154452103981,0.463550400188115,0.8880769018600742,0.3082364810887933,2.4222090939814485,0.09891557424748533,0.0600299814508056,0.021677478049440455,0.7534837979778389,0.598656409753689,0.877399251075666,0.051812454984522346,0.10497071649465063,0.7031775033364807,2.3438852657720592,0.2915367249506809,2.240326369899705,1.1757177305846187,0.9039389160210595,0.20949944193435172,0.09711128712096134,0.6778672279309216
10.601526206663685,1.654523661248158,60.89746320313493,6.457199257792368,0.21103921544903695,0.07432585416288254,0.1313282566993743,0.1367679189214378,0.008955213658654813,0.03217208370663696,0.7453452289637797,1.1284328476675038,0.09582365960685243,0.3268796612947168,0.027876435598267423,1.4217389818278847,0.12980497811107183,0.0204130128435204,0.463550400188115,0.8880769018600742,0.3034068386679762,2.4222090939814485,0.09891557424748533,0.049460050944149604,0.024496703886917666,0.7534837979778389,0.598656409753689,0.877399251075666,0.041658197035649255,0.08734268643423129,0.7031775033364807,2.3438852657720592,0.2915367249506809,2.0773791005164606,1.1757177305846187,0.8817505807866373,0.20949944193435172,0.23227693640158661,0.6778672279309216
10.601526206663685,1.260908551422548,64.49201046578932,6.457199257792368,0.21103921544903695,0.07432585416288254,0.1313282566993743,0.1367679189214378,0.008955213658654813,0.03217208370663696,0.7453452289637797,0.11521460168308541,0.09582365960685243,0.33361422720904993,0.027876435598267423,1.4217389818278847,0.12980497811107183,0.0204130128435204,0.463550400188115,0.8880769018600742,0.3034068386679762,2.4222090939814485,0.14266708813150275,0.049460050944149604,0.027698875977168753,0.7534837979778389,0.598656409753689,0.877399251075666,0.04829519335806685,0.08734268643423129,0.7031775033364807,2.3438852657720592,0.2915367249506809,2.240326369899705,1.1757177305846187,0.9039389160210595,0.20949944193435172,0.09711128712096134,0.6778672279309216
9.40697301072979,1.260908551422548,54.800927441514474,6.457199257792368,0.26345118237228404,0.09771751128843392,0.1841776445867176,0.2206544119845295,0.008955213658654813,0.03217208370663696,0.682946234289678,0.11521460168308541,0.1666438304414118,0.33361422720904993,0.027876435598267423,1.4217389818278847,0.14025712036811597,0.0204130128435204,0.463550400188115,0.8880769018600742,0.3034068386679762,2.4222090939814485,0.09891557424748533,0.0565500620440625,0.021677478049440455,1.3609221275580374,0.598656409753689,0.877399251075666,0.19146287776254908,0.11521052484264213,0.8596639213951403,3.118460463458268,0.3460210064814403,2.0396291639317594,1.2606178092188143,0.9039389160210595,0.20949944193435172,0.09711128712096134,0.6778672279309216
10.601526206663685,1.260908551422548,51.893632738898056,6.457199257792368,0.22570309843880978,0.08299704742701665,0.14552493394407176,0.2916718709507082,0.013091684489606566,0.03217208370663696,0.7453452289637797,0.11521460168308541,0.09582365960685243,0.33361422720904993,0.04903692286100323,1.4217389818278847,0.12980497811107183,0.0204130128435204,0.463550400188115,0.8880769018600742,0.3034068386679762,5.138404992518973,0.09891557424748533,0.049460050944149604,0.021677478049440455,0.7534837979778389,0.598656409753689,2.1663451767981554,0.04546837062162258,0.08734268643423129,0.7031775033364807,2.3438852657720592,0.2915367249506809,2.240326369899705,1.1757177305846187,0.9039389160210595,0.20949944193435172,0.09711128712096134,0.6778672279309216
8.558163064899578,1.260908551422548,44.492167034087345,6.457199257792368,0.18017431334870213,0.07432585416288254,0.1313282566993743,0.1367679189214378,0.008955213658654813,0.03217208370663696,0.7453452289637797,0.2136529922300285,0.09582365960685243,0.33361422720904993,0.027876435598267423,1.4217389818278847,0.12980497811107183,0.0204130128435204,0.463550400188115,0.8880769018600742,0.3034068386679762,5.187262906033265,0.10280571887788788,0.049460050944149604,0.021681806095765453,0.7534837979778389,0.598656409753689,16.930860685582154,0.041024247711668786,0.08734268643423129,2.170484373664937,2.8033109901804933,0.3117039659190149,3.1112037283756395,1.1757177305846187,0.9039389160210595,0.2357960192971483,0.166825008264117,1.6311567703631966
10.601526206663685,1.260908551422548,51.893632738898056,6.457199257792368,0.21792901860345856,0.07432585416288254,0.1313282566993743,0.1367679189214378,-0.0036822379227368644,0.03217208370663696,0.727592892917515,0.11521460168308541,0.09582365960685243,0.43239248686762477,0.04006991851139248,1.637345417314281,0.15885050578966134,0.014567116501835628,0.463550400188115,1.4545687730244858,0.48097073281971364,4.070989848492235,0.09891557424748533,0.049460050944149604,0.021677478049440455,0.8326306857471776,1.1307863648460035,0.877399251075666,0.10879318489478758,0.08260727866534742,0.8361972326706653,2.083104512148214,0.6321538307158739,2.240326369899705,1.3612456850853898,0.9039389160210595,0.08479142947014051,0.09711128712096134,1.1324550649933147
6.528419212880043,1.3377182595113293,32.647738939298435,10.065996942515968,0.3130827372380002,0.2500431355518987,0.18292248691239799,1.7291032624723048,0.013686695507115477,0.03217208370663696,0.9458212843319389,0.11521460168308541,0.18882671837701562,0.5510573799199421,0.06346708635303072,17.609080703902187,0.34067970353989524,0.03450358201073763,1.1097499699148947,2.2904220226922667,0.5339675622173744,4.59489401704455,1.9578205928205235,0.11902811503564005,0.06350510400637606,1.4101898089551916,1.2305649393963554,1.0165658440446708,0.05839680706659521,0.16192287702963162,0.9948715254123335,3.840683781316588,0.44017663644966065,3.8757227080545436,2.18832402242377,0.6587497167039811,0.2383989938498622,0.08356255292089255,0.6778672279309216
6.23757037998546,1.3377182595113293,23.773770049655685,10.095453930122,0.3130827372380002,0.24501141746090618,0.26567212264288415,1.081432141063932,0.00675995573908528,0.03217208370663696,0.6842534829192045,0.11521460168308541,0.18882671837701562,1.8033258332429334,0.14297094007172423,11.249744628658085,0.41113222826506474,0.08664633935531103,1.5303268596671125,2.2904220226922667,3.496401511870365,4.59489401704455,0.4099141751225096,0.13575154047860657,0.06350510400637606,8.688970091465992,1.1429962859633396,1.1116027216772322,0.05839680706659521,0.16192287702963162,0.9948715254123335,4.458584074203682,0.44017663644966065,8.322235323937496,3.5989367259512917,0.6587497167039811,0.2383989938498622,0.0693120790924472,0.6778672279309216
6.528419212880043,1.4103625077845903,35.622680913524896,9.85167259273817,0.3130827372380002,0.2500431355518987,0.20832880157388614,1.081432141063932,0.05564357276975111,0.034117782836757385,1.1156092026159437,0.11521460168308541,0.2727599601647598,1.1849723192813295,0.3242602687830995,6.081136429855255,0.8532181719227981,0.03450358201073763,3.4226127845889867,2.2904220226922667,0.5339675622173744,4.59489401704455,0.5373872829279931,0.11902811503564005,0.06350510400637606,1.6133739748799913,1.1429962859633396,3.1032360619395223,0.05839680706659521,0.16192287702963162,0.9948715254123335,3.840683781316588,0.471908446745246,5.130598963444295,3.481006422613471,0.6587497167039811,0.2383989938498622,0.09711128712096134,0.6778672279309216
6.528419212880043,1.3377182595113293,35.622680913524896,8.975171190671368,0.19856150079069323,0.2500431355518987,0.18433749758529655,0.941000828933976,0.013686695507115477,0.03217208370663696,0.7743350320224538,0.11521460168308541,0.18882671837701562,0.5510573799199421,0.2422888640703192,2.7875130283182643,0.34067970353989524,0.03450358201073763,1.4677954193847906,2.0079421055201667,0.5339675622173744,4.59489401704455,0.3516178612585802,0.11902811503564005,0.06350510400637606,1.4101898089551916,1.1429962859633396,1.0165658440446708,0.057126286333052535,0.16192287702963162,0.7385334334672488,16.872565346487338,0.34388549521090567,3.09829761090854,3.481006422613471,0.6587497167039811,0.2364610437316929,0.09711128712096134,0.6778672279309216
6.528419212880043,1.6100247325520556,35.622680913524896,9.739791226598907,0.3130827372380002,0.4228129627747317,0.20832880157388614,1.081432141063932,0.013686695507115477,0.03217208370663696,0.7453452289637797,0.11521460168308541,0.18882671837701562,0.5510573799199421,0.06346708635303072,2.7875130283182643,0.7875200126620546,0.0639431384888989,1.093020805300022,3.3015381708175164,0.5387972046381916,4.59489401704455,0.48491188469364194,0.212250215534851,0.06350510400637606,1.4101898089551916,1.1429962859633396,1.0165658440446708,0.0831124490383725,0.2585945082167341,1.2959988613613818,3.840683781316588,0.44017663644966065,3.09829761090854,3.481006422613471,0.6587497167039811,0.4982161554282998,0.09711128712096134,0.6778672279309216
6.528419212880043,1.3377182595113293,40.4761262297182,8.301620473323435,0.3130827372380002,0.2500431355518987,0.2368083391539075,1.081432141063932,0.013686695507115477,0.03217208370663696,0.7453452289637797,0.11521460168308541,0.18882671837701562,0.5510573799199421,0.06346708635303072,2.7875130283182643,0.34067970353989524,0.03450358201073763,1.093020805300022,3.3042894451692875,0.5339675622173744,6.482158855092116,0.4109454126034194,0.03712109323683749,0.16214333173038434,1.4101898089551916,1.1429962859633396,1.0165658440446708,0.06673373002195615,0.16192287702963162,0.9948715254123335,3.840683781316588,0.44017663644966065,3.09829761090854,3.481006422613471,0.6587497167039811,0.2383989938498622,0.09711128712096134,0.6778672279309216
6.528419212880043,1.3377182595113293,35.622680913524896,12.20098638881429,0.47300785242483323,0.4026156868559536,0.4357991182159486,0.4378735826380041,0.013686695507115477,0.03217208370663696,0.7453452289637797,0.11521460168308541,0.7717983997302725,0.5510573799199421,0.06346708635303072,2.7875130283182643,0.34067970353989524,0.05205157249305197,1.093020805300022,2.2904220226922667,0.5339675622173744,11.011171897863793,0.4191662429354881,0.11902811503564005,0.2914490810655699,1.4101898089551916,1.0544633385596174,1.0165658440446708,0.052256896079021,0.16192287702963162,0.9948715254123335,3.840683781316588,0.44017663644966065,3.09829761090854,10.744640312657806,0.6587497167039811,0.33285660330045497,0.09711128712096134,0.6778672279309216
6.528419212880043,1.3377182595113293,36.41097877399551,9.739791226598907,0.45271799976004107,0.2509094217867492,0.20832880157388614,1.2871102053727854,0.01782316633806723,0.03217208370663696,0.7453452289637797,0.11521460168308541,0.18882671837701562,0.5510573799199421,0.06346708635303072,2.7875130283182643,0.34067970353989524,0.03450358201073763,1.009377560306491,2.2904220226922667,0.5339675622173744,15.73087022050319,0.42417244652801117,0.11902811503564005,0.06350510400637606,1.4101898089551916,1.1367057433603114,1.1810291523665124,0.10061520949506231,0.16192287702963162,0.9948715254123335,3.840683781316588,0.44017663644966065,3.09829761090854,3.481006422613471,0.6587497167039811,0.2383989938498622,0.09711128712096134,0.6778672279309216
6.528419212880043,1.3377182595113293,35.622680913524896,9.739791226598907,0.2564525008488569,0.3295340022864862,0.7235551133727309,1.3012914142720968,0.013686695507115477,0.03217208370663696,0.6930999124463667,0.11521460168308541,0.6029253004893966,0.5510573799199421,0.06346708635303072,2.7875130283182643,0.34067970353989524,0.03450358201073763,0.6253449930689596,2.2904220226922667,0.5339675622173744,4.59489401704455,0.42417244652801117,0.11902811503564005,0.07855751410380228,9.814731047227484,1.1429962859633396,1.0165658440446708,0.05839680706659521,0.16944593174825753,2.8781793204488126,9.649141864272888,0.44017663644966065,2.140863819394378,3.560083029025682,0.8244850290318246,0.2383989938498622,0.09711128712096134,0.6778672279309216
